No,Program No,Lüks/Eko,Başlık ,Sayaç Hedef,Kalan gün sayısı,Gidiş,Ara Geçiş 1,Ara Geçiş 2,Dönüş,Kalacak Gece Gündüz,Başka Ülke,,,,Medinah Hotel,,,Makkah Hotel,,,Fiyat,,,Cocuk Ücretlerı,Önemli Notlar,Telefon no,Kontenjan sayisi,Dolu,Programı Kaldır,H.B/F.B 1,H.B/F.B 2,Rooms 1,Rooms 2,Resim link,logo
,,,,,,,,,,,Şehir,Hotel Adı,Resim,Harita,Hotel Adı,Resim,Harita,Hotel Adı,Resim,Harita,Fiyat 2li,Fiyat 3lu,Fiyat 4lu,,,,,,,,,,,,
1,210,Lüks,"KAMPANYALI YAZ LÜKS UMRE PROGRAMI
","Haziran 18, 2026",Geçmiş,18.06.2026,,21.06.2026,27.06.2026,"9 Gece 10 Gün
3 Gece Medine, 6 Gece Mekke",,,,,Mias Al Madina Hotel,"https://serverturizm.com.tr/my-images/Hotels/Mias%20Al%20Madina%20Hotel/unnamed%20%281%29.webp,https://serverturizm.com.tr/my-images/Hotels/Mias%20Al%20Madina%20Hotel/unnamed%20%282%29.webp,https://serverturizm.com.tr/my-images/Hotels/Mias%20Al%20Madina%20Hotel/unnamed%20%283%29.webp,https://serverturizm.com.tr/my-images/Hotels/Mias%20Al%20Madina%20Hotel/unnamed%20%284%29.webp,https://serverturizm.com.tr/my-images/Hotels/Mias%20Al%20Madina%20Hotel/unnamed%20%285%29.webp,https://serverturizm.com.tr/my-images/Hotels/Mias%20Al%20Madina%20Hotel/unnamed%20%286%29.webp,https://serverturizm.com.tr/my-images/Hotels/Mias%20Al%20Madina%20Hotel/unnamed%20%287%29.webp,https://serverturizm.com.tr/my-images/Hotels/Mias%20Al%20Madina%20Hotel/unnamed%20%288%29.webp,https://serverturizm.com.tr/my-images/Hotels/Mias%20Al%20Madina%20Hotel/unnamed%20%289%29.webp,https://serverturizm.com.tr/my-images/Hotels/Mias%20Al%20Madina%20Hotel/unnamed.webp","https://www.google.com/maps/embed?pb=!1m18!1m12!1m3!1d4463.7321381089405!2d39.605854!3d24.4677492!2m3!1f0!2f0!3f0!3m2!1i1024!2i768!4f13.1!3m3!1m2!1s0x15bdbf9fe67ab795%3A0x9e49c8267255373e!2sMIAS%20HOTEL!5e1!3m2!1sen!2str!4v1769763447078!5m2!1sen!2str"" width=""600"" height=""450"" style=""border:0;"" allowfullscreen="""" loading=""lazy"" referrerpolicy=""no-referrer-when-downgrade",Dar Al Ghufran Safwah Tower Hotel,"https://serverturizm.com.tr/my-images/Hotels/Dar%20Al%20Ghufran%20Safwah%20Tower%20Hotel/unnamed%20%281%29.webp,https://serverturizm.com.tr/my-images/Hotels/Dar%20Al%20Ghufran%20Safwah%20Tower%20Hotel/unnamed%20%2810%29.webp,https://serverturizm.com.tr/my-images/Hotels/Dar%20Al%20Ghufran%20Safwah%20Tower%20Hotel/unnamed%20%282%29.webp,https://serverturizm.com.tr/my-images/Hotels/Dar%20Al%20Ghufran%20Safwah%20Tower%20Hotel/unnamed%20%283%29.webp,https://serverturizm.com.tr/my-images/Hotels/Dar%20Al%20Ghufran%20Safwah%20Tower%20Hotel/unnamed%20%284%29.webp,https://serverturizm.com.tr/my-images/Hotels/Dar%20Al%20Ghufran%20Safwah%20Tower%20Hotel/unnamed%20%285%29.webp,https://serverturizm.com.tr/my-images/Hotels/Dar%20Al%20Ghufran%20Safwah%20Tower%20Hotel/unnamed%20%286%29.webp,https://serverturizm.com.tr/my-images/Hotels/Dar%20Al%20Ghufran%20Safwah%20Tower%20Hotel/unnamed%20%287%29.webp,https://serverturizm.com.tr/my-images/Hotels/Dar%20Al%20Ghufran%20Safwah%20Tower%20Hotel/unnamed%20%288%29.webp,https://serverturizm.com.tr/my-images/Hotels/Dar%20Al%20Ghufran%20Safwah%20Tower%20Hotel/unnamed.webp","https://www.google.com/maps/embed?pb=!1m18!1m12!1m3!1d4565.437648208185!2d39.8267641!3d21.419245!2m3!1f0!2f0!3f0!3m2!1i1024!2i768!4f13.1!3m3!1m2!1s0x15c204b788a061a9%3A0xb96dbf35d751c4ae!2sAl%20Ghufran%20Safwah%20Hotel%20Makkah!5e1!3m2!1sen!2str!4v1769763390910!5m2!1sen!2str"" width=""600"" height=""450"" style=""border:0;"" allowfullscreen="""" loading=""lazy"" referrerpolicy=""no-referrer-when-downgrade""",2.350$,2.300$,2.250$,"0-2 Yaş: 700$
2-6 Yaş: 1000$
6-11 Yaş: 1200$
ÇOCUK ÜCRETLERİNE YATAK DAHİL DEĞİLDİR 
Çocuklar için yatak talep edilmesi halinde, çocuk ücreti yetişkin fiyatından 100 USD daha düşük olarak uygulanacaktır.","AÇIK BÜFE
SABAH VE AKŞAM YEMEKLİ
TÜM ÇEVRE ZİYARETLERİ VE GEZİLER
DİNİ İRŞAD HİZMETLERİ FİYATA DAHİLDİR",90 530 201 52 84,,FALSE,TRUE,,,,,https://www.serverturizm.com.tr/wp-content/uploads/2026/04/13.png,"https://www.serverturizm.com.tr/wp-content/uploads/2026/04/10806-scaled.png,https://www.serverturizm.com.tr/wp-content/uploads/2026/04/IATA2-01-scaled.png,https://www.serverturizm.com.tr/wp-content/uploads/2026/04/10803-01-scaled-e1776760368295.png"
2,211,Eko,KAMPANYALI YAZ EKONOMIK UMRE PROGRAMI,"Haziran 18, 2026",Geçmiş,18.06.2026,,21.06.2026,27.06.2026,"9 Gece 10 Gün
3 Gece Medine, 6 Gece Mekke",,,,,Grand Al shahba Hotel Madinah,"https://serverturizm.com.tr/my-images/Hotels/Grand%20Al%20shahba%20Hotel%20Madinah/unnamed%20%281%29.webp,https://serverturizm.com.tr/my-images/Hotels/Grand%20Al%20shahba%20Hotel%20Madinah/unnamed%20%282%29.webp,https://serverturizm.com.tr/my-images/Hotels/Grand%20Al%20shahba%20Hotel%20Madinah/unnamed%20%283%29.webp,https://serverturizm.com.tr/my-images/Hotels/Grand%20Al%20shahba%20Hotel%20Madinah/unnamed%20%284%29.webp,https://serverturizm.com.tr/my-images/Hotels/Grand%20Al%20shahba%20Hotel%20Madinah/unnamed%20%285%29.webp,https://serverturizm.com.tr/my-images/Hotels/Grand%20Al%20shahba%20Hotel%20Madinah/unnamed%20%286%29.webp,https://serverturizm.com.tr/my-images/Hotels/Grand%20Al%20shahba%20Hotel%20Madinah/unnamed%20%287%29.webp,https://serverturizm.com.tr/my-images/Hotels/Grand%20Al%20shahba%20Hotel%20Madinah/unnamed%20%288%29.webp,https://serverturizm.com.tr/my-images/Hotels/Grand%20Al%20shahba%20Hotel%20Madinah/unnamed%20%289%29.webp,https://serverturizm.com.tr/my-images/Hotels/Grand%20Al%20shahba%20Hotel%20Madinah/unnamed.webp","https://www.google.com/maps/embed?pb=!1m18!1m12!1m3!1d7476.077003125505!2d39.609760309577304!3d24.46383063464214!2m3!1f0!2f0!3f0!3m2!1i1024!2i768!4f13.1!3m3!1m2!1s0x15bdbf7358170837%3A0x49d4da3051fc645e!2sGrand%20Al%20Shahba%20Hotel!5e0!3m2!1sen!2str!4v1775496770755!5m2!1sen!2str"" width=""600"" height=""450"" style=""border:0;"" allowfullscreen="""" loading=""lazy"" referrerpolicy=""no-referrer-when-downgrade""",Makarem Umm Al Qura Hotel,"https://serverturizm.com.tr/my-images/Hotels/Makarem%20Umm%20Al%20Qura%20Hotel/unnamed%20%281%29.webp,https://serverturizm.com.tr/my-images/Hotels/Makarem%20Umm%20Al%20Qura%20Hotel/unnamed%20%2810%29.webp,https://serverturizm.com.tr/my-images/Hotels/Makarem%20Umm%20Al%20Qura%20Hotel/unnamed%20%282%29.webp,https://serverturizm.com.tr/my-images/Hotels/Makarem%20Umm%20Al%20Qura%20Hotel/unnamed%20%283%29.webp,https://serverturizm.com.tr/my-images/Hotels/Makarem%20Umm%20Al%20Qura%20Hotel/unnamed%20%284%29.webp,https://serverturizm.com.tr/my-images/Hotels/Makarem%20Umm%20Al%20Qura%20Hotel/unnamed%20%285%29.webp,https://serverturizm.com.tr/my-images/Hotels/Makarem%20Umm%20Al%20Qura%20Hotel/unnamed%20%286%29.webp,https://serverturizm.com.tr/my-images/Hotels/Makarem%20Umm%20Al%20Qura%20Hotel/unnamed%20%287%29.webp,https://serverturizm.com.tr/my-images/Hotels/Makarem%20Umm%20Al%20Qura%20Hotel/unnamed%20%288%29.webp,https://serverturizm.com.tr/my-images/Hotels/Makarem%20Umm%20Al%20Qura%20Hotel/unnamed.webp","https://www.google.com/maps/embed?pb=!1m18!1m12!1m3!1d4565.966757268585!2d39.8307328!3d21.4023114!2m3!1f0!2f0!3f0!3m2!1i1024!2i768!4f13.1!3m3!1m2!1s0x15c204dbc1d086d9%3A0xe768cbc6e06ede7!2sMakarem%20Um%20Al%20Qura%20Hotel!5e1!3m2!1sen!2str!4v1769763486944!5m2!1sen!2str"" width=""600"" height=""450"" style=""border:0;"" allowfullscreen="""" loading=""lazy"" referrerpolicy=""no-referrer-when-downgrade",1.250$,1.200$,1.150$,"0-2 Yaş: 650$
2-6 Yaş: 950$
6-11 Yaş: 1100$
ÇOCUK ÜCRETLERİNE YATAK DAHİL DEĞİLDİR 
Çocuklar için yatak talep edilmesi halinde, çocuk ücreti yetişkin fiyatından 100 USD daha düşük olarak uygulanacaktır.","YAKIN SERVISLI
SABAH VE AKŞAM YEMEKLİ
TÜM ÇEVRE ZİYARETLERİ VE GEZİLER
DİNİ İRŞAD HİZMETLERİ FİYATA DAHİLDİR",90 530 201 52 84,,FALSE,TRUE,,,,,https://www.serverturizm.com.tr/wp-content/uploads/2026/04/13.png,"https://www.serverturizm.com.tr/wp-content/uploads/2026/04/10806-scaled.png,https://www.serverturizm.com.tr/wp-content/uploads/2026/04/IATA2-01-scaled.png,https://www.serverturizm.com.tr/wp-content/uploads/2026/04/10803-01-scaled-e1776760368295.png"
3,212,Eko,KAMPANYALI YAZ EKONOMIK UMRE PROGRAMI,"Haziran 18, 2026",Geçmiş,18.06.2026,,21.06.2026,01.07.2026,"13 Gece 14 Gün
3 Gece Medine, 10 Gece Mekke",,,,,Grand Al shahba Hotel Madinah,"https://serverturizm.com.tr/my-images/Hotels/Grand%20Al%20shahba%20Hotel%20Madinah/unnamed%20%281%29.webp,https://serverturizm.com.tr/my-images/Hotels/Grand%20Al%20shahba%20Hotel%20Madinah/unnamed%20%282%29.webp,https://serverturizm.com.tr/my-images/Hotels/Grand%20Al%20shahba%20Hotel%20Madinah/unnamed%20%283%29.webp,https://serverturizm.com.tr/my-images/Hotels/Grand%20Al%20shahba%20Hotel%20Madinah/unnamed%20%284%29.webp,https://serverturizm.com.tr/my-images/Hotels/Grand%20Al%20shahba%20Hotel%20Madinah/unnamed%20%285%29.webp,https://serverturizm.com.tr/my-images/Hotels/Grand%20Al%20shahba%20Hotel%20Madinah/unnamed%20%286%29.webp,https://serverturizm.com.tr/my-images/Hotels/Grand%20Al%20shahba%20Hotel%20Madinah/unnamed%20%287%29.webp,https://serverturizm.com.tr/my-images/Hotels/Grand%20Al%20shahba%20Hotel%20Madinah/unnamed%20%288%29.webp,https://serverturizm.com.tr/my-images/Hotels/Grand%20Al%20shahba%20Hotel%20Madinah/unnamed%20%289%29.webp,https://serverturizm.com.tr/my-images/Hotels/Grand%20Al%20shahba%20Hotel%20Madinah/unnamed.webp","https://www.google.com/maps/embed?pb=!1m18!1m12!1m3!1d7476.077003125505!2d39.609760309577304!3d24.46383063464214!2m3!1f0!2f0!3f0!3m2!1i1024!2i768!4f13.1!3m3!1m2!1s0x15bdbf7358170837%3A0x49d4da3051fc645e!2sGrand%20Al%20Shahba%20Hotel!5e0!3m2!1sen!2str!4v1775496770755!5m2!1sen!2str"" width=""600"" height=""450"" style=""border:0;"" allowfullscreen="""" loading=""lazy"" referrerpolicy=""no-referrer-when-downgrade""",Makarem Umm Al Qura Hotel,"https://serverturizm.com.tr/my-images/Hotels/Makarem%20Umm%20Al%20Qura%20Hotel/unnamed%20%281%29.webp,https://serverturizm.com.tr/my-images/Hotels/Makarem%20Umm%20Al%20Qura%20Hotel/unnamed%20%2810%29.webp,https://serverturizm.com.tr/my-images/Hotels/Makarem%20Umm%20Al%20Qura%20Hotel/unnamed%20%282%29.webp,https://serverturizm.com.tr/my-images/Hotels/Makarem%20Umm%20Al%20Qura%20Hotel/unnamed%20%283%29.webp,https://serverturizm.com.tr/my-images/Hotels/Makarem%20Umm%20Al%20Qura%20Hotel/unnamed%20%284%29.webp,https://serverturizm.com.tr/my-images/Hotels/Makarem%20Umm%20Al%20Qura%20Hotel/unnamed%20%285%29.webp,https://serverturizm.com.tr/my-images/Hotels/Makarem%20Umm%20Al%20Qura%20Hotel/unnamed%20%286%29.webp,https://serverturizm.com.tr/my-images/Hotels/Makarem%20Umm%20Al%20Qura%20Hotel/unnamed%20%287%29.webp,https://serverturizm.com.tr/my-images/Hotels/Makarem%20Umm%20Al%20Qura%20Hotel/unnamed%20%288%29.webp,https://serverturizm.com.tr/my-images/Hotels/Makarem%20Umm%20Al%20Qura%20Hotel/unnamed.webp","https://www.google.com/maps/embed?pb=!1m18!1m12!1m3!1d4565.966757268585!2d39.8307328!3d21.4023114!2m3!1f0!2f0!3f0!3m2!1i1024!2i768!4f13.1!3m3!1m2!1s0x15c204dbc1d086d9%3A0xe768cbc6e06ede7!2sMakarem%20Um%20Al%20Qura%20Hotel!5e1!3m2!1sen!2str!4v1769763486944!5m2!1sen!2str"" width=""600"" height=""450"" style=""border:0;"" allowfullscreen="""" loading=""lazy"" referrerpolicy=""no-referrer-when-downgrade",1.350$,1.300$,1.250$,"0-2 Yaş: 650$
2-6 Yaş: 950$
6-11 Yaş: 1100$
ÇOCUK ÜCRETLERİNE YATAK DAHİL DEĞİLDİR 
Çocuklar için yatak talep edilmesi halinde, çocuk ücreti yetişkin fiyatından 100 USD daha düşük olarak uygulanacaktır.","YAKIN SERVISLI
SABAH VE AKŞAM YEMEKLİ
TÜM ÇEVRE ZİYARETLERİ VE GEZİLER
DİNİ İRŞAD HİZMETLERİ FİYATA DAHİLDİR",90 530 201 52 84,,FALSE,TRUE,,,,,https://www.serverturizm.com.tr/wp-content/uploads/2026/04/13.png,"https://www.serverturizm.com.tr/wp-content/uploads/2026/04/10806-scaled.png,https://www.serverturizm.com.tr/wp-content/uploads/2026/04/IATA2-01-scaled.png,https://www.serverturizm.com.tr/wp-content/uploads/2026/04/10803-01-scaled-e1776760368295.png"
4,Kahire1,Eko,MISIR BAĞLANTILI UMRE PROGRAMI,"Temmuz 2, 2026",Geçmiş,02.07.2026,04.07.2026,12.07.2026,15.07.2026,"13 Gece 14 Gün
2 Gece Kahire, 8 Gece Mekke, 3 Gece Medine",Kahire,Azal Pyramids Hotel,"https://serverturizm.com.tr/my-images/Hotels/azal%20pyramids%20hotel/unnamed%20%281%29.webp,https://serverturizm.com.tr/my-images/Hotels/azal%20pyramids%20hotel/unnamed%20%282%29.webp,https://serverturizm.com.tr/my-images/Hotels/azal%20pyramids%20hotel/unnamed%20%283%29.webp,https://serverturizm.com.tr/my-images/Hotels/azal%20pyramids%20hotel/unnamed%20%284%29.webp,https://serverturizm.com.tr/my-images/Hotels/azal%20pyramids%20hotel/unnamed%20%285%29.webp,https://serverturizm.com.tr/my-images/Hotels/azal%20pyramids%20hotel/unnamed%20%286%29.webp,https://serverturizm.com.tr/my-images/Hotels/azal%20pyramids%20hotel/unnamed%20%287%29.webp,https://serverturizm.com.tr/my-images/Hotels/azal%20pyramids%20hotel/unnamed%20%288%29.webp,https://serverturizm.com.tr/my-images/Hotels/azal%20pyramids%20hotel/unnamed%20%289%29.webp,https://serverturizm.com.tr/my-images/Hotels/azal%20pyramids%20hotel/unnamed.webp","https://www.google.com/maps/embed?pb=!1m18!1m12!1m3!1d3455.2941233577626!2d31.171814611131047!3d29.99970987484171!2m3!1f0!2f0!3f0!3m2!1i1024!2i768!4f13.1!3m3!1m2!1s0x14584679b0499b71%3A0x9ff8267cefc4eca0!2sAzal%20Pyramids%20Hotel!5e0!3m2!1sen!2str!4v1776782713932!5m2!1sen!2str"" width=""600"" height=""450"" style=""border:0;"" allowfullscreen="""" loading=""lazy"" referrerpolicy=""no-referrer-when-downgrade",Grand Al shahba Hotel Madinah,"https://serverturizm.com.tr/my-images/Hotels/Grand%20Al%20shahba%20Hotel%20Madinah/unnamed%20%281%29.webp,https://serverturizm.com.tr/my-images/Hotels/Grand%20Al%20shahba%20Hotel%20Madinah/unnamed%20%282%29.webp,https://serverturizm.com.tr/my-images/Hotels/Grand%20Al%20shahba%20Hotel%20Madinah/unnamed%20%283%29.webp,https://serverturizm.com.tr/my-images/Hotels/Grand%20Al%20shahba%20Hotel%20Madinah/unnamed%20%284%29.webp,https://serverturizm.com.tr/my-images/Hotels/Grand%20Al%20shahba%20Hotel%20Madinah/unnamed%20%285%29.webp,https://serverturizm.com.tr/my-images/Hotels/Grand%20Al%20shahba%20Hotel%20Madinah/unnamed%20%286%29.webp,https://serverturizm.com.tr/my-images/Hotels/Grand%20Al%20shahba%20Hotel%20Madinah/unnamed%20%287%29.webp,https://serverturizm.com.tr/my-images/Hotels/Grand%20Al%20shahba%20Hotel%20Madinah/unnamed%20%288%29.webp,https://serverturizm.com.tr/my-images/Hotels/Grand%20Al%20shahba%20Hotel%20Madinah/unnamed%20%289%29.webp,https://serverturizm.com.tr/my-images/Hotels/Grand%20Al%20shahba%20Hotel%20Madinah/unnamed.webp","https://www.google.com/maps/embed?pb=!1m18!1m12!1m3!1d7476.077003125505!2d39.609760309577304!3d24.46383063464214!2m3!1f0!2f0!3f0!3m2!1i1024!2i768!4f13.1!3m3!1m2!1s0x15bdbf7358170837%3A0x49d4da3051fc645e!2sGrand%20Al%20Shahba%20Hotel!5e0!3m2!1sen!2str!4v1775496770755!5m2!1sen!2str"" width=""600"" height=""450"" style=""border:0;"" allowfullscreen="""" loading=""lazy"" referrerpolicy=""no-referrer-when-downgrade""",Makarem Umm Al Qura Hotel,"https://serverturizm.com.tr/my-images/Hotels/Makarem%20Umm%20Al%20Qura%20Hotel/unnamed%20%281%29.webp,https://serverturizm.com.tr/my-images/Hotels/Makarem%20Umm%20Al%20Qura%20Hotel/unnamed%20%2810%29.webp,https://serverturizm.com.tr/my-images/Hotels/Makarem%20Umm%20Al%20Qura%20Hotel/unnamed%20%282%29.webp,https://serverturizm.com.tr/my-images/Hotels/Makarem%20Umm%20Al%20Qura%20Hotel/unnamed%20%283%29.webp,https://serverturizm.com.tr/my-images/Hotels/Makarem%20Umm%20Al%20Qura%20Hotel/unnamed%20%284%29.webp,https://serverturizm.com.tr/my-images/Hotels/Makarem%20Umm%20Al%20Qura%20Hotel/unnamed%20%285%29.webp,https://serverturizm.com.tr/my-images/Hotels/Makarem%20Umm%20Al%20Qura%20Hotel/unnamed%20%286%29.webp,https://serverturizm.com.tr/my-images/Hotels/Makarem%20Umm%20Al%20Qura%20Hotel/unnamed%20%287%29.webp,https://serverturizm.com.tr/my-images/Hotels/Makarem%20Umm%20Al%20Qura%20Hotel/unnamed%20%288%29.webp,https://serverturizm.com.tr/my-images/Hotels/Makarem%20Umm%20Al%20Qura%20Hotel/unnamed.webp","https://www.google.com/maps/embed?pb=!1m18!1m12!1m3!1d4565.966757268585!2d39.8307328!3d21.4023114!2m3!1f0!2f0!3f0!3m2!1i1024!2i768!4f13.1!3m3!1m2!1s0x15c204dbc1d086d9%3A0xe768cbc6e06ede7!2sMakarem%20Um%20Al%20Qura%20Hotel!5e1!3m2!1sen!2str!4v1769763486944!5m2!1sen!2str"" width=""600"" height=""450"" style=""border:0;"" allowfullscreen="""" loading=""lazy"" referrerpolicy=""no-referrer-when-downgrade",1.650$,1.550$,1.500$,"0-2 Yaş: 650$
2-6 Yaş: 950$
6-11 Yaş: 1100$
ÇOCUK ÜCRETLERİNE YATAK DAHİL DEĞİLDİR 
Çocuklar için yatak talep edilmesi halinde, çocuk ücreti yetişkin fiyatından 100 USD daha düşük olarak uygulanacaktır.","YAKIN SERVISLI
SABAH VE AKŞAM YEMEKLİ
TÜM ÇEVRE ZİYARETLERİ VE GEZİLER
DİNİ İRŞAD HİZMETLERİ FİYATA DAHİLDİR",91 530 201 52 84,,FALSE,TRUE,,,,,https://www.serverturizm.com.tr/wp-content/uploads/2026/05/76777-e1777894123374.png,"https://www.serverturizm.com.tr/wp-content/uploads/2026/04/10806-scaled.png,https://www.serverturizm.com.tr/wp-content/uploads/2026/04/IATA2-01-scaled.png,https://www.serverturizm.com.tr/wp-content/uploads/2026/04/10803-01-scaled-e1776760368295.png"
5,Özel,Lüks,ZEKERYA KURT HOCA MISIR BAĞLANTILI LÜKS UMRE,"Temmuz 2, 2026",Geçmiş,02.07.2026,04.07.2026,09.07.2026,12.07.2026,"10 Gece 11 Gün
2 Gece Kahire, 5 Gece Mekke, 3 Gece Medine",Kahire,Azal Pyramids Hotel,"https://serverturizm.com.tr/my-images/Hotels/azal%20pyramids%20hotel/unnamed%20%281%29.webp,https://serverturizm.com.tr/my-images/Hotels/azal%20pyramids%20hotel/unnamed%20%282%29.webp,https://serverturizm.com.tr/my-images/Hotels/azal%20pyramids%20hotel/unnamed%20%283%29.webp,https://serverturizm.com.tr/my-images/Hotels/azal%20pyramids%20hotel/unnamed%20%284%29.webp,https://serverturizm.com.tr/my-images/Hotels/azal%20pyramids%20hotel/unnamed%20%285%29.webp,https://serverturizm.com.tr/my-images/Hotels/azal%20pyramids%20hotel/unnamed%20%286%29.webp,https://serverturizm.com.tr/my-images/Hotels/azal%20pyramids%20hotel/unnamed%20%287%29.webp,https://serverturizm.com.tr/my-images/Hotels/azal%20pyramids%20hotel/unnamed%20%288%29.webp,https://serverturizm.com.tr/my-images/Hotels/azal%20pyramids%20hotel/unnamed%20%289%29.webp,https://serverturizm.com.tr/my-images/Hotels/azal%20pyramids%20hotel/unnamed.webp","https://www.google.com/maps/embed?pb=!1m18!1m12!1m3!1d3455.2941233577626!2d31.171814611131047!3d29.99970987484171!2m3!1f0!2f0!3f0!3m2!1i1024!2i768!4f13.1!3m3!1m2!1s0x14584679b0499b71%3A0x9ff8267cefc4eca0!2sAzal%20Pyramids%20Hotel!5e0!3m2!1sen!2str!4v1776782713932!5m2!1sen!2str"" width=""600"" height=""450"" style=""border:0;"" allowfullscreen="""" loading=""lazy"" referrerpolicy=""no-referrer-when-downgrade",Mias Al Madina Hotel,"https://serverturizm.com.tr/my-images/Hotels/Mias%20Al%20Madina%20Hotel/unnamed%20%281%29.webp,https://serverturizm.com.tr/my-images/Hotels/Mias%20Al%20Madina%20Hotel/unnamed%20%282%29.webp,https://serverturizm.com.tr/my-images/Hotels/Mias%20Al%20Madina%20Hotel/unnamed%20%283%29.webp,https://serverturizm.com.tr/my-images/Hotels/Mias%20Al%20Madina%20Hotel/unnamed%20%284%29.webp,https://serverturizm.com.tr/my-images/Hotels/Mias%20Al%20Madina%20Hotel/unnamed%20%285%29.webp,https://serverturizm.com.tr/my-images/Hotels/Mias%20Al%20Madina%20Hotel/unnamed%20%286%29.webp,https://serverturizm.com.tr/my-images/Hotels/Mias%20Al%20Madina%20Hotel/unnamed%20%287%29.webp,https://serverturizm.com.tr/my-images/Hotels/Mias%20Al%20Madina%20Hotel/unnamed%20%288%29.webp,https://serverturizm.com.tr/my-images/Hotels/Mias%20Al%20Madina%20Hotel/unnamed%20%289%29.webp,https://serverturizm.com.tr/my-images/Hotels/Mias%20Al%20Madina%20Hotel/unnamed.webp","https://www.google.com/maps/embed?pb=!1m18!1m12!1m3!1d4463.7321381089405!2d39.605854!3d24.4677492!2m3!1f0!2f0!3f0!3m2!1i1024!2i768!4f13.1!3m3!1m2!1s0x15bdbf9fe67ab795%3A0x9e49c8267255373e!2sMIAS%20HOTEL!5e1!3m2!1sen!2str!4v1769763447078!5m2!1sen!2str"" width=""600"" height=""450"" style=""border:0;"" allowfullscreen="""" loading=""lazy"" referrerpolicy=""no-referrer-when-downgrade",Al Shohada Hotel,"https://serverturizm.com.tr/my-images/Hotels/al%20shohada%20hotel/unnamed%20%281%29.webp,https://serverturizm.com.tr/my-images/Hotels/al%20shohada%20hotel/unnamed%20%2810%29.webp,https://serverturizm.com.tr/my-images/Hotels/al%20shohada%20hotel/unnamed%20%282%29.webp,https://serverturizm.com.tr/my-images/Hotels/al%20shohada%20hotel/unnamed%20%283%29.webp,https://serverturizm.com.tr/my-images/Hotels/al%20shohada%20hotel/unnamed%20%284%29.webp,https://serverturizm.com.tr/my-images/Hotels/al%20shohada%20hotel/unnamed%20%285%29.webp,https://serverturizm.com.tr/my-images/Hotels/al%20shohada%20hotel/unnamed%20%286%29.webp,https://serverturizm.com.tr/my-images/Hotels/al%20shohada%20hotel/unnamed%20%287%29.webp,https://serverturizm.com.tr/my-images/Hotels/al%20shohada%20hotel/unnamed%20%288%29.webp,https://serverturizm.com.tr/my-images/Hotels/al%20shohada%20hotel/unnamed.webp","https://www.google.com/maps/embed?pb=!1m18!1m12!1m3!1d4565.568060226565!2d39.825375376061444!3d21.415072480332658!2m3!1f0!2f0!3f0!3m2!1i1024!2i768!4f13.1!3m3!1m2!1s0x15c21b5783f966c1%3A0xdbc5f34f25663055!2sAl%20Shohada%20Hotel!5e1!3m2!1sen!2str!4v1769763249085!5m2!1sen!2str"" width=""600"" height=""450"" style=""border:0;"" allowfullscreen="""" loading=""lazy"" referrerpolicy=""no-referrer-when-downgrade""",1.550$,1.500$,1.450$,"0-2 Yaş: 700$
2-6 Yaş: 1000$
6-11 Yaş: 1200$
ÇOCUK ÜCRETLERİNE YATAK DAHİL DEĞİLDİR 
Çocuklar için yatak talep edilmesi halinde, çocuk ücreti yetişkin fiyatından 100 USD daha düşük olarak uygulanacaktır.","AÇIK BÜFE
SABAH VE AKŞAM YEMEKLİ
TÜM ÇEVRE ZİYARETLERİ VE GEZİLER
DİNİ İRŞAD HİZMETLERİ FİYATA DAHİLDİR",90 530 201 52 84,25,FALSE,TRUE,,,,,https://www.serverturizm.com.tr/wp-content/uploads/2026/04/WhatsApp-Image-2026-04-17-at-17.05.39.jpeg,"https://www.serverturizm.com.tr/wp-content/uploads/2026/04/10806-scaled.png,https://www.serverturizm.com.tr/wp-content/uploads/2026/04/IATA2-01-scaled.png,https://www.serverturizm.com.tr/wp-content/uploads/2026/04/10803-01-scaled-e1776760368295.png"
6,213,Lüks,"KAMPANYALI YAZ LÜKS UMRE PROGRAMI
","Temmuz 16, 2026",Geçmiş,16.07.2026,,19.07.2026,25.07.2026,"9 Gece 10 Gün
3 Gece Medine, 6 Gece Mekke",,,,,Mias Al Madina Hotel,"https://serverturizm.com.tr/my-images/Hotels/Mias%20Al%20Madina%20Hotel/unnamed%20%281%29.webp,https://serverturizm.com.tr/my-images/Hotels/Mias%20Al%20Madina%20Hotel/unnamed%20%282%29.webp,https://serverturizm.com.tr/my-images/Hotels/Mias%20Al%20Madina%20Hotel/unnamed%20%283%29.webp,https://serverturizm.com.tr/my-images/Hotels/Mias%20Al%20Madina%20Hotel/unnamed%20%284%29.webp,https://serverturizm.com.tr/my-images/Hotels/Mias%20Al%20Madina%20Hotel/unnamed%20%285%29.webp,https://serverturizm.com.tr/my-images/Hotels/Mias%20Al%20Madina%20Hotel/unnamed%20%286%29.webp,https://serverturizm.com.tr/my-images/Hotels/Mias%20Al%20Madina%20Hotel/unnamed%20%287%29.webp,https://serverturizm.com.tr/my-images/Hotels/Mias%20Al%20Madina%20Hotel/unnamed%20%288%29.webp,https://serverturizm.com.tr/my-images/Hotels/Mias%20Al%20Madina%20Hotel/unnamed%20%289%29.webp,https://serverturizm.com.tr/my-images/Hotels/Mias%20Al%20Madina%20Hotel/unnamed.webp","https://www.google.com/maps/embed?pb=!1m18!1m12!1m3!1d4463.7321381089405!2d39.605854!3d24.4677492!2m3!1f0!2f0!3f0!3m2!1i1024!2i768!4f13.1!3m3!1m2!1s0x15bdbf9fe67ab795%3A0x9e49c8267255373e!2sMIAS%20HOTEL!5e1!3m2!1sen!2str!4v1769763447078!5m2!1sen!2str"" width=""600"" height=""450"" style=""border:0;"" allowfullscreen="""" loading=""lazy"" referrerpolicy=""no-referrer-when-downgrade",Dar Al Ghufran Safwah Tower Hotel,"https://serverturizm.com.tr/my-images/Hotels/Dar%20Al%20Ghufran%20Safwah%20Tower%20Hotel/unnamed%20%281%29.webp,https://serverturizm.com.tr/my-images/Hotels/Dar%20Al%20Ghufran%20Safwah%20Tower%20Hotel/unnamed%20%2810%29.webp,https://serverturizm.com.tr/my-images/Hotels/Dar%20Al%20Ghufran%20Safwah%20Tower%20Hotel/unnamed%20%282%29.webp,https://serverturizm.com.tr/my-images/Hotels/Dar%20Al%20Ghufran%20Safwah%20Tower%20Hotel/unnamed%20%283%29.webp,https://serverturizm.com.tr/my-images/Hotels/Dar%20Al%20Ghufran%20Safwah%20Tower%20Hotel/unnamed%20%284%29.webp,https://serverturizm.com.tr/my-images/Hotels/Dar%20Al%20Ghufran%20Safwah%20Tower%20Hotel/unnamed%20%285%29.webp,https://serverturizm.com.tr/my-images/Hotels/Dar%20Al%20Ghufran%20Safwah%20Tower%20Hotel/unnamed%20%286%29.webp,https://serverturizm.com.tr/my-images/Hotels/Dar%20Al%20Ghufran%20Safwah%20Tower%20Hotel/unnamed%20%287%29.webp,https://serverturizm.com.tr/my-images/Hotels/Dar%20Al%20Ghufran%20Safwah%20Tower%20Hotel/unnamed%20%288%29.webp,https://serverturizm.com.tr/my-images/Hotels/Dar%20Al%20Ghufran%20Safwah%20Tower%20Hotel/unnamed.webp","https://www.google.com/maps/embed?pb=!1m18!1m12!1m3!1d4565.437648208185!2d39.8267641!3d21.419245!2m3!1f0!2f0!3f0!3m2!1i1024!2i768!4f13.1!3m3!1m2!1s0x15c204b788a061a9%3A0xb96dbf35d751c4ae!2sAl%20Ghufran%20Safwah%20Hotel%20Makkah!5e1!3m2!1sen!2str!4v1769763390910!5m2!1sen!2str"" width=""600"" height=""450"" style=""border:0;"" allowfullscreen="""" loading=""lazy"" referrerpolicy=""no-referrer-when-downgrade""",2.350$,2.300$,2.250$,"0-2 Yaş: 700$
2-6 Yaş: 1000$
6-11 Yaş: 1200$
ÇOCUK ÜCRETLERİNE YATAK DAHİL DEĞİLDİR 
Çocuklar için yatak talep edilmesi halinde, çocuk ücreti yetişkin fiyatından 100 USD daha düşük olarak uygulanacaktır.","AÇIK BÜFE
SABAH VE AKŞAM YEMEKLİ
TÜM ÇEVRE ZİYARETLERİ VE GEZİLER
DİNİ İRŞAD HİZMETLERİ FİYATA DAHİLDİR",90 530 201 52 84,,TRUE,TRUE,,,,,https://www.serverturizm.com.tr/wp-content/uploads/2026/04/13.png,"https://www.serverturizm.com.tr/wp-content/uploads/2026/04/10806-scaled.png,https://www.serverturizm.com.tr/wp-content/uploads/2026/04/IATA2-01-scaled.png,https://www.serverturizm.com.tr/wp-content/uploads/2026/04/10803-01-scaled-e1776760368295.png"
7,Özel,Lüks,GENÇLİK ÜMRESİ (18-35 YAŞ),"Temmuz 16, 2026",Geçmiş,16.07.2026,19.07.2026,26.07.2026,,"10 Gece 11 Gün
3 Gece Medine, 7 Gece Mekke",,,,,Mias Al Madina Hotel,"https://serverturizm.com.tr/my-images/Hotels/Mias%20Al%20Madina%20Hotel/unnamed%20%281%29.webp,https://serverturizm.com.tr/my-images/Hotels/Mias%20Al%20Madina%20Hotel/unnamed%20%282%29.webp,https://serverturizm.com.tr/my-images/Hotels/Mias%20Al%20Madina%20Hotel/unnamed%20%283%29.webp,https://serverturizm.com.tr/my-images/Hotels/Mias%20Al%20Madina%20Hotel/unnamed%20%284%29.webp,https://serverturizm.com.tr/my-images/Hotels/Mias%20Al%20Madina%20Hotel/unnamed%20%285%29.webp,https://serverturizm.com.tr/my-images/Hotels/Mias%20Al%20Madina%20Hotel/unnamed%20%286%29.webp,https://serverturizm.com.tr/my-images/Hotels/Mias%20Al%20Madina%20Hotel/unnamed%20%287%29.webp,https://serverturizm.com.tr/my-images/Hotels/Mias%20Al%20Madina%20Hotel/unnamed%20%288%29.webp,https://serverturizm.com.tr/my-images/Hotels/Mias%20Al%20Madina%20Hotel/unnamed%20%289%29.webp,https://serverturizm.com.tr/my-images/Hotels/Mias%20Al%20Madina%20Hotel/unnamed.webp","https://www.google.com/maps/embed?pb=!1m18!1m12!1m3!1d4463.7321381089405!2d39.605854!3d24.4677492!2m3!1f0!2f0!3f0!3m2!1i1024!2i768!4f13.1!3m3!1m2!1s0x15bdbf9fe67ab795%3A0x9e49c8267255373e!2sMIAS%20HOTEL!5e1!3m2!1sen!2str!4v1769763447078!5m2!1sen!2str"" width=""600"" height=""450"" style=""border:0;"" allowfullscreen="""" loading=""lazy"" referrerpolicy=""no-referrer-when-downgrade",Al Shohada Hotel,"https://serverturizm.com.tr/my-images/Hotels/al%20shohada%20hotel/unnamed%20%281%29.webp,https://serverturizm.com.tr/my-images/Hotels/al%20shohada%20hotel/unnamed%20%2810%29.webp,https://serverturizm.com.tr/my-images/Hotels/al%20shohada%20hotel/unnamed%20%282%29.webp,https://serverturizm.com.tr/my-images/Hotels/al%20shohada%20hotel/unnamed%20%283%29.webp,https://serverturizm.com.tr/my-images/Hotels/al%20shohada%20hotel/unnamed%20%284%29.webp,https://serverturizm.com.tr/my-images/Hotels/al%20shohada%20hotel/unnamed%20%285%29.webp,https://serverturizm.com.tr/my-images/Hotels/al%20shohada%20hotel/unnamed%20%286%29.webp,https://serverturizm.com.tr/my-images/Hotels/al%20shohada%20hotel/unnamed%20%287%29.webp,https://serverturizm.com.tr/my-images/Hotels/al%20shohada%20hotel/unnamed%20%288%29.webp,https://serverturizm.com.tr/my-images/Hotels/al%20shohada%20hotel/unnamed.webp","https://www.google.com/maps/embed?pb=!1m18!1m12!1m3!1d4565.568060226565!2d39.825375376061444!3d21.415072480332658!2m3!1f0!2f0!3f0!3m2!1i1024!2i768!4f13.1!3m3!1m2!1s0x15c21b5783f966c1%3A0xdbc5f34f25663055!2sAl%20Shohada%20Hotel!5e1!3m2!1sen!2str!4v1769763249085!5m2!1sen!2str"" width=""600"" height=""450"" style=""border:0;"" allowfullscreen="""" loading=""lazy"" referrerpolicy=""no-referrer-when-downgrade""",1.750$,1.700$,1.650$,"0-2 Yaş: 700$
2-6 Yaş: 1000$
6-11 Yaş: 1200$
ÇOCUK ÜCRETLERİNE YATAK DAHİL DEĞİLDİR 
Çocuklar için yatak talep edilmesi halinde, çocuk ücreti yetişkin fiyatından 100 USD daha düşük olarak uygulanacaktır.","AÇIK BÜFE
SABAH VE AKŞAM YEMEKLİ
TÜM ÇEVRE ZİYARETLERİ VE GEZİLER
DİNİ İRŞAD HİZMETLERİ FİYATA DAHİLDİR",90 530 201 52 84,,TRUE,TRUE,,,,,https://www.serverturizm.com.tr/wp-content/uploads/2026/06/221.png,"https://www.serverturizm.com.tr/wp-content/uploads/2026/04/10806-scaled.png,https://www.serverturizm.com.tr/wp-content/uploads/2026/04/IATA2-01-scaled.png,https://www.serverturizm.com.tr/wp-content/uploads/2026/04/10803-01-scaled-e1776760368295.png"
8,214,Eko,KAMPANYALI YAZ EKONOMIK UMRE PROGRAMI,"Temmuz 16, 2026",Geçmiş,16.07.2026,,19.07.2026,25.07.2026,"9 Gece 10 Gün
3 Gece Medine, 6 Gece Mekke",,,,,Grand Al shahba Hotel Madinah,"https://serverturizm.com.tr/my-images/Hotels/Grand%20Al%20shahba%20Hotel%20Madinah/unnamed%20%281%29.webp,https://serverturizm.com.tr/my-images/Hotels/Grand%20Al%20shahba%20Hotel%20Madinah/unnamed%20%282%29.webp,https://serverturizm.com.tr/my-images/Hotels/Grand%20Al%20shahba%20Hotel%20Madinah/unnamed%20%283%29.webp,https://serverturizm.com.tr/my-images/Hotels/Grand%20Al%20shahba%20Hotel%20Madinah/unnamed%20%284%29.webp,https://serverturizm.com.tr/my-images/Hotels/Grand%20Al%20shahba%20Hotel%20Madinah/unnamed%20%285%29.webp,https://serverturizm.com.tr/my-images/Hotels/Grand%20Al%20shahba%20Hotel%20Madinah/unnamed%20%286%29.webp,https://serverturizm.com.tr/my-images/Hotels/Grand%20Al%20shahba%20Hotel%20Madinah/unnamed%20%287%29.webp,https://serverturizm.com.tr/my-images/Hotels/Grand%20Al%20shahba%20Hotel%20Madinah/unnamed%20%288%29.webp,https://serverturizm.com.tr/my-images/Hotels/Grand%20Al%20shahba%20Hotel%20Madinah/unnamed%20%289%29.webp,https://serverturizm.com.tr/my-images/Hotels/Grand%20Al%20shahba%20Hotel%20Madinah/unnamed.webp","https://www.google.com/maps/embed?pb=!1m18!1m12!1m3!1d7476.077003125505!2d39.609760309577304!3d24.46383063464214!2m3!1f0!2f0!3f0!3m2!1i1024!2i768!4f13.1!3m3!1m2!1s0x15bdbf7358170837%3A0x49d4da3051fc645e!2sGrand%20Al%20Shahba%20Hotel!5e0!3m2!1sen!2str!4v1775496770755!5m2!1sen!2str"" width=""600"" height=""450"" style=""border:0;"" allowfullscreen="""" loading=""lazy"" referrerpolicy=""no-referrer-when-downgrade""",Makarem Umm Al Qura Hotel,"https://serverturizm.com.tr/my-images/Hotels/Makarem%20Umm%20Al%20Qura%20Hotel/unnamed%20%281%29.webp,https://serverturizm.com.tr/my-images/Hotels/Makarem%20Umm%20Al%20Qura%20Hotel/unnamed%20%2810%29.webp,https://serverturizm.com.tr/my-images/Hotels/Makarem%20Umm%20Al%20Qura%20Hotel/unnamed%20%282%29.webp,https://serverturizm.com.tr/my-images/Hotels/Makarem%20Umm%20Al%20Qura%20Hotel/unnamed%20%283%29.webp,https://serverturizm.com.tr/my-images/Hotels/Makarem%20Umm%20Al%20Qura%20Hotel/unnamed%20%284%29.webp,https://serverturizm.com.tr/my-images/Hotels/Makarem%20Umm%20Al%20Qura%20Hotel/unnamed%20%285%29.webp,https://serverturizm.com.tr/my-images/Hotels/Makarem%20Umm%20Al%20Qura%20Hotel/unnamed%20%286%29.webp,https://serverturizm.com.tr/my-images/Hotels/Makarem%20Umm%20Al%20Qura%20Hotel/unnamed%20%287%29.webp,https://serverturizm.com.tr/my-images/Hotels/Makarem%20Umm%20Al%20Qura%20Hotel/unnamed%20%288%29.webp,https://serverturizm.com.tr/my-images/Hotels/Makarem%20Umm%20Al%20Qura%20Hotel/unnamed.webp","https://www.google.com/maps/embed?pb=!1m18!1m12!1m3!1d4565.966757268585!2d39.8307328!3d21.4023114!2m3!1f0!2f0!3f0!3m2!1i1024!2i768!4f13.1!3m3!1m2!1s0x15c204dbc1d086d9%3A0xe768cbc6e06ede7!2sMakarem%20Um%20Al%20Qura%20Hotel!5e1!3m2!1sen!2str!4v1769763486944!5m2!1sen!2str"" width=""600"" height=""450"" style=""border:0;"" allowfullscreen="""" loading=""lazy"" referrerpolicy=""no-referrer-when-downgrade",1.250$,1.200$,1.150$,"0-2 Yaş: 650$
2-6 Yaş: 950$
6-11 Yaş: 1100$
ÇOCUK ÜCRETLERİNE YATAK DAHİL DEĞİLDİR 
Çocuklar için yatak talep edilmesi halinde, çocuk ücreti yetişkin fiyatından 100 USD daha düşük olarak uygulanacaktır.","YAKIN SERVISLI
SABAH VE AKŞAM YEMEKLİ
TÜM ÇEVRE ZİYARETLERİ VE GEZİLER
DİNİ İRŞAD HİZMETLERİ FİYATA DAHİLDİR",90 530 201 52 84,,TRUE,TRUE,,,,,https://www.serverturizm.com.tr/wp-content/uploads/2026/04/13.png,"https://www.serverturizm.com.tr/wp-content/uploads/2026/04/10806-scaled.png,https://www.serverturizm.com.tr/wp-content/uploads/2026/04/IATA2-01-scaled.png,https://www.serverturizm.com.tr/wp-content/uploads/2026/04/10803-01-scaled-e1776760368295.png"
9,215,Eko,KAMPANYALI YAZ EKONOMIK UMRE PROGRAMI,"Temmuz 16, 2026",Geçmiş,16.07.2026,,19.07.2026,29.07.2026,"13 Gece 14 Gün
3 Gece Medine, 10 Gece Mekke",,,,,Grand Al shahba Hotel Madinah,"https://serverturizm.com.tr/my-images/Hotels/Grand%20Al%20shahba%20Hotel%20Madinah/unnamed%20%281%29.webp,https://serverturizm.com.tr/my-images/Hotels/Grand%20Al%20shahba%20Hotel%20Madinah/unnamed%20%282%29.webp,https://serverturizm.com.tr/my-images/Hotels/Grand%20Al%20shahba%20Hotel%20Madinah/unnamed%20%283%29.webp,https://serverturizm.com.tr/my-images/Hotels/Grand%20Al%20shahba%20Hotel%20Madinah/unnamed%20%284%29.webp,https://serverturizm.com.tr/my-images/Hotels/Grand%20Al%20shahba%20Hotel%20Madinah/unnamed%20%285%29.webp,https://serverturizm.com.tr/my-images/Hotels/Grand%20Al%20shahba%20Hotel%20Madinah/unnamed%20%286%29.webp,https://serverturizm.com.tr/my-images/Hotels/Grand%20Al%20shahba%20Hotel%20Madinah/unnamed%20%287%29.webp,https://serverturizm.com.tr/my-images/Hotels/Grand%20Al%20shahba%20Hotel%20Madinah/unnamed%20%288%29.webp,https://serverturizm.com.tr/my-images/Hotels/Grand%20Al%20shahba%20Hotel%20Madinah/unnamed%20%289%29.webp,https://serverturizm.com.tr/my-images/Hotels/Grand%20Al%20shahba%20Hotel%20Madinah/unnamed.webp","https://www.google.com/maps/embed?pb=!1m18!1m12!1m3!1d7476.077003125505!2d39.609760309577304!3d24.46383063464214!2m3!1f0!2f0!3f0!3m2!1i1024!2i768!4f13.1!3m3!1m2!1s0x15bdbf7358170837%3A0x49d4da3051fc645e!2sGrand%20Al%20Shahba%20Hotel!5e0!3m2!1sen!2str!4v1775496770755!5m2!1sen!2str"" width=""600"" height=""450"" style=""border:0;"" allowfullscreen="""" loading=""lazy"" referrerpolicy=""no-referrer-when-downgrade""",Makarem Umm Al Qura Hotel,"https://serverturizm.com.tr/my-images/Hotels/Makarem%20Umm%20Al%20Qura%20Hotel/unnamed%20%281%29.webp,https://serverturizm.com.tr/my-images/Hotels/Makarem%20Umm%20Al%20Qura%20Hotel/unnamed%20%2810%29.webp,https://serverturizm.com.tr/my-images/Hotels/Makarem%20Umm%20Al%20Qura%20Hotel/unnamed%20%282%29.webp,https://serverturizm.com.tr/my-images/Hotels/Makarem%20Umm%20Al%20Qura%20Hotel/unnamed%20%283%29.webp,https://serverturizm.com.tr/my-images/Hotels/Makarem%20Umm%20Al%20Qura%20Hotel/unnamed%20%284%29.webp,https://serverturizm.com.tr/my-images/Hotels/Makarem%20Umm%20Al%20Qura%20Hotel/unnamed%20%285%29.webp,https://serverturizm.com.tr/my-images/Hotels/Makarem%20Umm%20Al%20Qura%20Hotel/unnamed%20%286%29.webp,https://serverturizm.com.tr/my-images/Hotels/Makarem%20Umm%20Al%20Qura%20Hotel/unnamed%20%287%29.webp,https://serverturizm.com.tr/my-images/Hotels/Makarem%20Umm%20Al%20Qura%20Hotel/unnamed%20%288%29.webp,https://serverturizm.com.tr/my-images/Hotels/Makarem%20Umm%20Al%20Qura%20Hotel/unnamed.webp","https://www.google.com/maps/embed?pb=!1m18!1m12!1m3!1d4565.966757268585!2d39.8307328!3d21.4023114!2m3!1f0!2f0!3f0!3m2!1i1024!2i768!4f13.1!3m3!1m2!1s0x15c204dbc1d086d9%3A0xe768cbc6e06ede7!2sMakarem%20Um%20Al%20Qura%20Hotel!5e1!3m2!1sen!2str!4v1769763486944!5m2!1sen!2str"" width=""600"" height=""450"" style=""border:0;"" allowfullscreen="""" loading=""lazy"" referrerpolicy=""no-referrer-when-downgrade",1.350$,1.300$,1.250$,"0-2 Yaş: 650$
2-6 Yaş: 950$
6-11 Yaş: 1100$
ÇOCUK ÜCRETLERİNE YATAK DAHİL DEĞİLDİR 
Çocuklar için yatak talep edilmesi halinde, çocuk ücreti yetişkin fiyatından 100 USD daha düşük olarak uygulanacaktır.","YAKIN SERVISLI
SABAH VE AKŞAM YEMEKLİ
TÜM ÇEVRE ZİYARETLERİ VE GEZİLER
DİNİ İRŞAD HİZMETLERİ FİYATA DAHİLDİR",90 530 201 52 84,,TRUE,TRUE,,,,,https://www.serverturizm.com.tr/wp-content/uploads/2026/04/13.png,"https://www.serverturizm.com.tr/wp-content/uploads/2026/04/10806-scaled.png,https://www.serverturizm.com.tr/wp-content/uploads/2026/04/IATA2-01-scaled.png,https://www.serverturizm.com.tr/wp-content/uploads/2026/04/10803-01-scaled-e1776760368295.png"
10,216,Lüks,MEVLİD KANDİLİ MEDİNEDE LÜKS UMRE PROGRAMI,"Ağustos 22, 2026",Geçmiş,22.08.2026,,25.08.2026,31.08.2026,"9 Gece 10 Gün
3 Gece Medine, 6 Gece Mekke",,,,,Mias Al Madina Hotel,"https://serverturizm.com.tr/my-images/Hotels/Mias%20Al%20Madina%20Hotel/unnamed%20%281%29.webp,https://serverturizm.com.tr/my-images/Hotels/Mias%20Al%20Madina%20Hotel/unnamed%20%282%29.webp,https://serverturizm.com.tr/my-images/Hotels/Mias%20Al%20Madina%20Hotel/unnamed%20%283%29.webp,https://serverturizm.com.tr/my-images/Hotels/Mias%20Al%20Madina%20Hotel/unnamed%20%284%29.webp,https://serverturizm.com.tr/my-images/Hotels/Mias%20Al%20Madina%20Hotel/unnamed%20%285%29.webp,https://serverturizm.com.tr/my-images/Hotels/Mias%20Al%20Madina%20Hotel/unnamed%20%286%29.webp,https://serverturizm.com.tr/my-images/Hotels/Mias%20Al%20Madina%20Hotel/unnamed%20%287%29.webp,https://serverturizm.com.tr/my-images/Hotels/Mias%20Al%20Madina%20Hotel/unnamed%20%288%29.webp,https://serverturizm.com.tr/my-images/Hotels/Mias%20Al%20Madina%20Hotel/unnamed%20%289%29.webp,https://serverturizm.com.tr/my-images/Hotels/Mias%20Al%20Madina%20Hotel/unnamed.webp","https://www.google.com/maps/embed?pb=!1m18!1m12!1m3!1d4463.7321381089405!2d39.605854!3d24.4677492!2m3!1f0!2f0!3f0!3m2!1i1024!2i768!4f13.1!3m3!1m2!1s0x15bdbf9fe67ab795%3A0x9e49c8267255373e!2sMIAS%20HOTEL!5e1!3m2!1sen!2str!4v1769763447078!5m2!1sen!2str"" width=""600"" height=""450"" style=""border:0;"" allowfullscreen="""" loading=""lazy"" referrerpolicy=""no-referrer-when-downgrade",Dar Al Ghufran Safwah Tower Hotel,"https://serverturizm.com.tr/my-images/Hotels/Dar%20Al%20Ghufran%20Safwah%20Tower%20Hotel/unnamed%20%281%29.webp,https://serverturizm.com.tr/my-images/Hotels/Dar%20Al%20Ghufran%20Safwah%20Tower%20Hotel/unnamed%20%2810%29.webp,https://serverturizm.com.tr/my-images/Hotels/Dar%20Al%20Ghufran%20Safwah%20Tower%20Hotel/unnamed%20%282%29.webp,https://serverturizm.com.tr/my-images/Hotels/Dar%20Al%20Ghufran%20Safwah%20Tower%20Hotel/unnamed%20%283%29.webp,https://serverturizm.com.tr/my-images/Hotels/Dar%20Al%20Ghufran%20Safwah%20Tower%20Hotel/unnamed%20%284%29.webp,https://serverturizm.com.tr/my-images/Hotels/Dar%20Al%20Ghufran%20Safwah%20Tower%20Hotel/unnamed%20%285%29.webp,https://serverturizm.com.tr/my-images/Hotels/Dar%20Al%20Ghufran%20Safwah%20Tower%20Hotel/unnamed%20%286%29.webp,https://serverturizm.com.tr/my-images/Hotels/Dar%20Al%20Ghufran%20Safwah%20Tower%20Hotel/unnamed%20%287%29.webp,https://serverturizm.com.tr/my-images/Hotels/Dar%20Al%20Ghufran%20Safwah%20Tower%20Hotel/unnamed%20%288%29.webp,https://serverturizm.com.tr/my-images/Hotels/Dar%20Al%20Ghufran%20Safwah%20Tower%20Hotel/unnamed.webp","https://www.google.com/maps/embed?pb=!1m18!1m12!1m3!1d4565.437648208185!2d39.8267641!3d21.419245!2m3!1f0!2f0!3f0!3m2!1i1024!2i768!4f13.1!3m3!1m2!1s0x15c204b788a061a9%3A0xb96dbf35d751c4ae!2sAl%20Ghufran%20Safwah%20Hotel%20Makkah!5e1!3m2!1sen!2str!4v1769763390910!5m2!1sen!2str"" width=""600"" height=""450"" style=""border:0;"" allowfullscreen="""" loading=""lazy"" referrerpolicy=""no-referrer-when-downgrade""",2.350$,2.300$,2.250$,"0-2 Yaş: 700$
2-6 Yaş: 1000$
6-11 Yaş: 1200$
ÇOCUK ÜCRETLERİNE YATAK DAHİL DEĞİLDİR 
Çocuklar için yatak talep edilmesi halinde, çocuk ücreti yetişkin fiyatından 100 USD daha düşük olarak uygulanacaktır.","AÇIK BÜFE
SABAH VE AKŞAM YEMEKLİ
TÜM ÇEVRE ZİYARETLERİ VE GEZİLER
DİNİ İRŞAD HİZMETLERİ FİYATA DAHİLDİR",90 530 201 52 84,,FALSE,TRUE,,,,,https://www.serverturizm.com.tr/wp-content/uploads/2026/04/13.png,"https://www.serverturizm.com.tr/wp-content/uploads/2026/04/10806-scaled.png,https://www.serverturizm.com.tr/wp-content/uploads/2026/04/IATA2-01-scaled.png,https://www.serverturizm.com.tr/wp-content/uploads/2026/04/10803-01-scaled-e1776760368295.png"
11,217,Eko,MEVLİD KANDİLİ MEDİNEDE EKONOMİK UMRE PROGRAMI,"Ağustos 22, 2026",Geçmiş,22.08.2026,,25.08.2026,31.08.2026,"9 Gece 10 Gün
3 Gece Medine, 6 Gece Mekke",,,,,Grand Al shahba Hotel Madinah,"https://serverturizm.com.tr/my-images/Hotels/Grand%20Al%20shahba%20Hotel%20Madinah/unnamed%20%281%29.webp,https://serverturizm.com.tr/my-images/Hotels/Grand%20Al%20shahba%20Hotel%20Madinah/unnamed%20%282%29.webp,https://serverturizm.com.tr/my-images/Hotels/Grand%20Al%20shahba%20Hotel%20Madinah/unnamed%20%283%29.webp,https://serverturizm.com.tr/my-images/Hotels/Grand%20Al%20shahba%20Hotel%20Madinah/unnamed%20%284%29.webp,https://serverturizm.com.tr/my-images/Hotels/Grand%20Al%20shahba%20Hotel%20Madinah/unnamed%20%285%29.webp,https://serverturizm.com.tr/my-images/Hotels/Grand%20Al%20shahba%20Hotel%20Madinah/unnamed%20%286%29.webp,https://serverturizm.com.tr/my-images/Hotels/Grand%20Al%20shahba%20Hotel%20Madinah/unnamed%20%287%29.webp,https://serverturizm.com.tr/my-images/Hotels/Grand%20Al%20shahba%20Hotel%20Madinah/unnamed%20%288%29.webp,https://serverturizm.com.tr/my-images/Hotels/Grand%20Al%20shahba%20Hotel%20Madinah/unnamed%20%289%29.webp,https://serverturizm.com.tr/my-images/Hotels/Grand%20Al%20shahba%20Hotel%20Madinah/unnamed.webp","https://www.google.com/maps/embed?pb=!1m18!1m12!1m3!1d7476.077003125505!2d39.609760309577304!3d24.46383063464214!2m3!1f0!2f0!3f0!3m2!1i1024!2i768!4f13.1!3m3!1m2!1s0x15bdbf7358170837%3A0x49d4da3051fc645e!2sGrand%20Al%20Shahba%20Hotel!5e0!3m2!1sen!2str!4v1775496770755!5m2!1sen!2str"" width=""600"" height=""450"" style=""border:0;"" allowfullscreen="""" loading=""lazy"" referrerpolicy=""no-referrer-when-downgrade""",Makarem Umm Al Qura Hotel,"https://serverturizm.com.tr/my-images/Hotels/Makarem%20Umm%20Al%20Qura%20Hotel/unnamed%20%281%29.webp,https://serverturizm.com.tr/my-images/Hotels/Makarem%20Umm%20Al%20Qura%20Hotel/unnamed%20%2810%29.webp,https://serverturizm.com.tr/my-images/Hotels/Makarem%20Umm%20Al%20Qura%20Hotel/unnamed%20%282%29.webp,https://serverturizm.com.tr/my-images/Hotels/Makarem%20Umm%20Al%20Qura%20Hotel/unnamed%20%283%29.webp,https://serverturizm.com.tr/my-images/Hotels/Makarem%20Umm%20Al%20Qura%20Hotel/unnamed%20%284%29.webp,https://serverturizm.com.tr/my-images/Hotels/Makarem%20Umm%20Al%20Qura%20Hotel/unnamed%20%285%29.webp,https://serverturizm.com.tr/my-images/Hotels/Makarem%20Umm%20Al%20Qura%20Hotel/unnamed%20%286%29.webp,https://serverturizm.com.tr/my-images/Hotels/Makarem%20Umm%20Al%20Qura%20Hotel/unnamed%20%287%29.webp,https://serverturizm.com.tr/my-images/Hotels/Makarem%20Umm%20Al%20Qura%20Hotel/unnamed%20%288%29.webp,https://serverturizm.com.tr/my-images/Hotels/Makarem%20Umm%20Al%20Qura%20Hotel/unnamed.webp","https://www.google.com/maps/embed?pb=!1m18!1m12!1m3!1d4565.966757268585!2d39.8307328!3d21.4023114!2m3!1f0!2f0!3f0!3m2!1i1024!2i768!4f13.1!3m3!1m2!1s0x15c204dbc1d086d9%3A0xe768cbc6e06ede7!2sMakarem%20Um%20Al%20Qura%20Hotel!5e1!3m2!1sen!2str!4v1769763486944!5m2!1sen!2str"" width=""600"" height=""450"" style=""border:0;"" allowfullscreen="""" loading=""lazy"" referrerpolicy=""no-referrer-when-downgrade",1.250$,1.200$,1.150$,"0-2 Yaş: 650$
2-6 Yaş: 950$
6-11 Yaş: 1100$
ÇOCUK ÜCRETLERİNE YATAK DAHİL DEĞİLDİR 
Çocuklar için yatak talep edilmesi halinde, çocuk ücreti yetişkin fiyatından 100 USD daha düşük olarak uygulanacaktır.","YAKIN SERVISLI
SABAH VE AKŞAM YEMEKLİ
TÜM ÇEVRE ZİYARETLERİ VE GEZİLER
DİNİ İRŞAD HİZMETLERİ FİYATA DAHİLDİR",90 530 201 52 84,,FALSE,TRUE,,,,,https://www.serverturizm.com.tr/wp-content/uploads/2026/04/13.png,"https://www.serverturizm.com.tr/wp-content/uploads/2026/04/10806-scaled.png,https://www.serverturizm.com.tr/wp-content/uploads/2026/04/IATA2-01-scaled.png,https://www.serverturizm.com.tr/wp-content/uploads/2026/04/10803-01-scaled-e1776760368295.png"
12,218,Eko,MEVLİD KANDİLİ MEDİNEDE EKONOMİK UMRE PROGRAMI,"Ağustos 22, 2026",Geçmiş,22.08.2026,,25.08.2026,04.09.2026,"13 Gece 14 Gün
3 Gece Medine, 10 Gece Mekke",,,,,Grand Al shahba Hotel Madinah,"https://serverturizm.com.tr/my-images/Hotels/Grand%20Al%20shahba%20Hotel%20Madinah/unnamed%20%281%29.webp,https://serverturizm.com.tr/my-images/Hotels/Grand%20Al%20shahba%20Hotel%20Madinah/unnamed%20%282%29.webp,https://serverturizm.com.tr/my-images/Hotels/Grand%20Al%20shahba%20Hotel%20Madinah/unnamed%20%283%29.webp,https://serverturizm.com.tr/my-images/Hotels/Grand%20Al%20shahba%20Hotel%20Madinah/unnamed%20%284%29.webp,https://serverturizm.com.tr/my-images/Hotels/Grand%20Al%20shahba%20Hotel%20Madinah/unnamed%20%285%29.webp,https://serverturizm.com.tr/my-images/Hotels/Grand%20Al%20shahba%20Hotel%20Madinah/unnamed%20%286%29.webp,https://serverturizm.com.tr/my-images/Hotels/Grand%20Al%20shahba%20Hotel%20Madinah/unnamed%20%287%29.webp,https://serverturizm.com.tr/my-images/Hotels/Grand%20Al%20shahba%20Hotel%20Madinah/unnamed%20%288%29.webp,https://serverturizm.com.tr/my-images/Hotels/Grand%20Al%20shahba%20Hotel%20Madinah/unnamed%20%289%29.webp,https://serverturizm.com.tr/my-images/Hotels/Grand%20Al%20shahba%20Hotel%20Madinah/unnamed.webp","https://www.google.com/maps/embed?pb=!1m18!1m12!1m3!1d7476.077003125505!2d39.609760309577304!3d24.46383063464214!2m3!1f0!2f0!3f0!3m2!1i1024!2i768!4f13.1!3m3!1m2!1s0x15bdbf7358170837%3A0x49d4da3051fc645e!2sGrand%20Al%20Shahba%20Hotel!5e0!3m2!1sen!2str!4v1775496770755!5m2!1sen!2str"" width=""600"" height=""450"" style=""border:0;"" allowfullscreen="""" loading=""lazy"" referrerpolicy=""no-referrer-when-downgrade""",Makarem Umm Al Qura Hotel,"https://serverturizm.com.tr/my-images/Hotels/Makarem%20Umm%20Al%20Qura%20Hotel/unnamed%20%281%29.webp,https://serverturizm.com.tr/my-images/Hotels/Makarem%20Umm%20Al%20Qura%20Hotel/unnamed%20%2810%29.webp,https://serverturizm.com.tr/my-images/Hotels/Makarem%20Umm%20Al%20Qura%20Hotel/unnamed%20%282%29.webp,https://serverturizm.com.tr/my-images/Hotels/Makarem%20Umm%20Al%20Qura%20Hotel/unnamed%20%283%29.webp,https://serverturizm.com.tr/my-images/Hotels/Makarem%20Umm%20Al%20Qura%20Hotel/unnamed%20%284%29.webp,https://serverturizm.com.tr/my-images/Hotels/Makarem%20Umm%20Al%20Qura%20Hotel/unnamed%20%285%29.webp,https://serverturizm.com.tr/my-images/Hotels/Makarem%20Umm%20Al%20Qura%20Hotel/unnamed%20%286%29.webp,https://serverturizm.com.tr/my-images/Hotels/Makarem%20Umm%20Al%20Qura%20Hotel/unnamed%20%287%29.webp,https://serverturizm.com.tr/my-images/Hotels/Makarem%20Umm%20Al%20Qura%20Hotel/unnamed%20%288%29.webp,https://serverturizm.com.tr/my-images/Hotels/Makarem%20Umm%20Al%20Qura%20Hotel/unnamed.webp","https://www.google.com/maps/embed?pb=!1m18!1m12!1m3!1d4565.966757268585!2d39.8307328!3d21.4023114!2m3!1f0!2f0!3f0!3m2!1i1024!2i768!4f13.1!3m3!1m2!1s0x15c204dbc1d086d9%3A0xe768cbc6e06ede7!2sMakarem%20Um%20Al%20Qura%20Hotel!5e1!3m2!1sen!2str!4v1769763486944!5m2!1sen!2str"" width=""600"" height=""450"" style=""border:0;"" allowfullscreen="""" loading=""lazy"" referrerpolicy=""no-referrer-when-downgrade",1.350$,1.300$,1.250$,"0-2 Yaş: 650$
2-6 Yaş: 950$
6-11 Yaş: 1100$
ÇOCUK ÜCRETLERİNE YATAK DAHİL DEĞİLDİR 
Çocuklar için yatak talep edilmesi halinde, çocuk ücreti yetişkin fiyatından 100 USD daha düşük olarak uygulanacaktır.","YAKIN SERVISLI
SABAH VE AKŞAM YEMEKLİ
TÜM ÇEVRE ZİYARETLERİ VE GEZİLER
DİNİ İRŞAD HİZMETLERİ FİYATA DAHİLDİR",90 530 201 52 84,,FALSE,TRUE,,,,,https://www.serverturizm.com.tr/wp-content/uploads/2026/04/13.png,"https://www.serverturizm.com.tr/wp-content/uploads/2026/04/10806-scaled.png,https://www.serverturizm.com.tr/wp-content/uploads/2026/04/IATA2-01-scaled.png,https://www.serverturizm.com.tr/wp-content/uploads/2026/04/10803-01-scaled-e1776760368295.png"
13,Kahire2,Eko,MISIR BAĞLANTILI UMRE PROGRAMI,"Ağustos 27, 2026",Geçmiş,27.08.2026,30.08.2026,06.09.2026,09.09.2026,"13 Gece 14 Gün
3 Gece Kahire, 7 Gece Mekke, 3 Gece Medine",Kahire,Azal Pyramids Hotel,"https://serverturizm.com.tr/my-images/Hotels/azal%20pyramids%20hotel/unnamed%20%281%29.webp,https://serverturizm.com.tr/my-images/Hotels/azal%20pyramids%20hotel/unnamed%20%282%29.webp,https://serverturizm.com.tr/my-images/Hotels/azal%20pyramids%20hotel/unnamed%20%283%29.webp,https://serverturizm.com.tr/my-images/Hotels/azal%20pyramids%20hotel/unnamed%20%284%29.webp,https://serverturizm.com.tr/my-images/Hotels/azal%20pyramids%20hotel/unnamed%20%285%29.webp,https://serverturizm.com.tr/my-images/Hotels/azal%20pyramids%20hotel/unnamed%20%286%29.webp,https://serverturizm.com.tr/my-images/Hotels/azal%20pyramids%20hotel/unnamed%20%287%29.webp,https://serverturizm.com.tr/my-images/Hotels/azal%20pyramids%20hotel/unnamed%20%288%29.webp,https://serverturizm.com.tr/my-images/Hotels/azal%20pyramids%20hotel/unnamed%20%289%29.webp,https://serverturizm.com.tr/my-images/Hotels/azal%20pyramids%20hotel/unnamed.webp","https://www.google.com/maps/embed?pb=!1m18!1m12!1m3!1d3455.2941233577626!2d31.171814611131047!3d29.99970987484171!2m3!1f0!2f0!3f0!3m2!1i1024!2i768!4f13.1!3m3!1m2!1s0x14584679b0499b71%3A0x9ff8267cefc4eca0!2sAzal%20Pyramids%20Hotel!5e0!3m2!1sen!2str!4v1776782713932!5m2!1sen!2str"" width=""600"" height=""450"" style=""border:0;"" allowfullscreen="""" loading=""lazy"" referrerpolicy=""no-referrer-when-downgrade",Grand Al shahba Hotel Madinah,"https://serverturizm.com.tr/my-images/Hotels/Grand%20Al%20shahba%20Hotel%20Madinah/unnamed%20%281%29.webp,https://serverturizm.com.tr/my-images/Hotels/Grand%20Al%20shahba%20Hotel%20Madinah/unnamed%20%282%29.webp,https://serverturizm.com.tr/my-images/Hotels/Grand%20Al%20shahba%20Hotel%20Madinah/unnamed%20%283%29.webp,https://serverturizm.com.tr/my-images/Hotels/Grand%20Al%20shahba%20Hotel%20Madinah/unnamed%20%284%29.webp,https://serverturizm.com.tr/my-images/Hotels/Grand%20Al%20shahba%20Hotel%20Madinah/unnamed%20%285%29.webp,https://serverturizm.com.tr/my-images/Hotels/Grand%20Al%20shahba%20Hotel%20Madinah/unnamed%20%286%29.webp,https://serverturizm.com.tr/my-images/Hotels/Grand%20Al%20shahba%20Hotel%20Madinah/unnamed%20%287%29.webp,https://serverturizm.com.tr/my-images/Hotels/Grand%20Al%20shahba%20Hotel%20Madinah/unnamed%20%288%29.webp,https://serverturizm.com.tr/my-images/Hotels/Grand%20Al%20shahba%20Hotel%20Madinah/unnamed%20%289%29.webp,https://serverturizm.com.tr/my-images/Hotels/Grand%20Al%20shahba%20Hotel%20Madinah/unnamed.webp","https://www.google.com/maps/embed?pb=!1m18!1m12!1m3!1d7476.077003125505!2d39.609760309577304!3d24.46383063464214!2m3!1f0!2f0!3f0!3m2!1i1024!2i768!4f13.1!3m3!1m2!1s0x15bdbf7358170837%3A0x49d4da3051fc645e!2sGrand%20Al%20Shahba%20Hotel!5e0!3m2!1sen!2str!4v1775496770755!5m2!1sen!2str"" width=""600"" height=""450"" style=""border:0;"" allowfullscreen="""" loading=""lazy"" referrerpolicy=""no-referrer-when-downgrade""",Makarem Umm Al Qura Hotel,"https://serverturizm.com.tr/my-images/Hotels/Makarem%20Umm%20Al%20Qura%20Hotel/unnamed%20%281%29.webp,https://serverturizm.com.tr/my-images/Hotels/Makarem%20Umm%20Al%20Qura%20Hotel/unnamed%20%2810%29.webp,https://serverturizm.com.tr/my-images/Hotels/Makarem%20Umm%20Al%20Qura%20Hotel/unnamed%20%282%29.webp,https://serverturizm.com.tr/my-images/Hotels/Makarem%20Umm%20Al%20Qura%20Hotel/unnamed%20%283%29.webp,https://serverturizm.com.tr/my-images/Hotels/Makarem%20Umm%20Al%20Qura%20Hotel/unnamed%20%284%29.webp,https://serverturizm.com.tr/my-images/Hotels/Makarem%20Umm%20Al%20Qura%20Hotel/unnamed%20%285%29.webp,https://serverturizm.com.tr/my-images/Hotels/Makarem%20Umm%20Al%20Qura%20Hotel/unnamed%20%286%29.webp,https://serverturizm.com.tr/my-images/Hotels/Makarem%20Umm%20Al%20Qura%20Hotel/unnamed%20%287%29.webp,https://serverturizm.com.tr/my-images/Hotels/Makarem%20Umm%20Al%20Qura%20Hotel/unnamed%20%288%29.webp,https://serverturizm.com.tr/my-images/Hotels/Makarem%20Umm%20Al%20Qura%20Hotel/unnamed.webp","https://www.google.com/maps/embed?pb=!1m18!1m12!1m3!1d4565.966757268585!2d39.8307328!3d21.4023114!2m3!1f0!2f0!3f0!3m2!1i1024!2i768!4f13.1!3m3!1m2!1s0x15c204dbc1d086d9%3A0xe768cbc6e06ede7!2sMakarem%20Um%20Al%20Qura%20Hotel!5e1!3m2!1sen!2str!4v1769763486944!5m2!1sen!2str"" width=""600"" height=""450"" style=""border:0;"" allowfullscreen="""" loading=""lazy"" referrerpolicy=""no-referrer-when-downgrade",1.650$,1.550$,1.500$,"0-2 Yaş: 650$
2-6 Yaş: 950$
6-11 Yaş: 1100$
ÇOCUK ÜCRETLERİNE YATAK DAHİL DEĞİLDİR 
Çocuklar için yatak talep edilmesi halinde, çocuk ücreti yetişkin fiyatından 100 USD daha düşük olarak uygulanacaktır.","YAKIN SERVISLI
SABAH VE AKŞAM YEMEKLİ
TÜM ÇEVRE ZİYARETLERİ VE GEZİLER
DİNİ İRŞAD HİZMETLERİ FİYATA DAHİLDİR",90 530 201 52 84,,FALSE,TRUE,,,,,https://www.serverturizm.com.tr/wp-content/uploads/2026/05/76777-e1777894123374.png,"https://www.serverturizm.com.tr/wp-content/uploads/2026/04/10806-scaled.png,https://www.serverturizm.com.tr/wp-content/uploads/2026/04/IATA2-01-scaled.png,https://www.serverturizm.com.tr/wp-content/uploads/2026/04/10803-01-scaled-e1776760368295.png"
14,219,Lüks,LÜKS UMRE PROGRAMI,"Eylül 10, 2026",Geçmiş,10.09.2026,,13.09.2026,19.09.2026,"9 Gece 10 Gün
3 Gece Medine, 6 Gece Mekke",,,,,Mias Al Madina Hotel,"https://serverturizm.com.tr/my-images/Hotels/Mias%20Al%20Madina%20Hotel/unnamed%20%281%29.webp,https://serverturizm.com.tr/my-images/Hotels/Mias%20Al%20Madina%20Hotel/unnamed%20%282%29.webp,https://serverturizm.com.tr/my-images/Hotels/Mias%20Al%20Madina%20Hotel/unnamed%20%283%29.webp,https://serverturizm.com.tr/my-images/Hotels/Mias%20Al%20Madina%20Hotel/unnamed%20%284%29.webp,https://serverturizm.com.tr/my-images/Hotels/Mias%20Al%20Madina%20Hotel/unnamed%20%285%29.webp,https://serverturizm.com.tr/my-images/Hotels/Mias%20Al%20Madina%20Hotel/unnamed%20%286%29.webp,https://serverturizm.com.tr/my-images/Hotels/Mias%20Al%20Madina%20Hotel/unnamed%20%287%29.webp,https://serverturizm.com.tr/my-images/Hotels/Mias%20Al%20Madina%20Hotel/unnamed%20%288%29.webp,https://serverturizm.com.tr/my-images/Hotels/Mias%20Al%20Madina%20Hotel/unnamed%20%289%29.webp,https://serverturizm.com.tr/my-images/Hotels/Mias%20Al%20Madina%20Hotel/unnamed.webp","https://www.google.com/maps/embed?pb=!1m18!1m12!1m3!1d4463.7321381089405!2d39.605854!3d24.4677492!2m3!1f0!2f0!3f0!3m2!1i1024!2i768!4f13.1!3m3!1m2!1s0x15bdbf9fe67ab795%3A0x9e49c8267255373e!2sMIAS%20HOTEL!5e1!3m2!1sen!2str!4v1769763447078!5m2!1sen!2str"" width=""600"" height=""450"" style=""border:0;"" allowfullscreen="""" loading=""lazy"" referrerpolicy=""no-referrer-when-downgrade",Dar Al Ghufran Safwah Tower Hotel,"https://serverturizm.com.tr/my-images/Hotels/Dar%20Al%20Ghufran%20Safwah%20Tower%20Hotel/unnamed%20%281%29.webp,https://serverturizm.com.tr/my-images/Hotels/Dar%20Al%20Ghufran%20Safwah%20Tower%20Hotel/unnamed%20%2810%29.webp,https://serverturizm.com.tr/my-images/Hotels/Dar%20Al%20Ghufran%20Safwah%20Tower%20Hotel/unnamed%20%282%29.webp,https://serverturizm.com.tr/my-images/Hotels/Dar%20Al%20Ghufran%20Safwah%20Tower%20Hotel/unnamed%20%283%29.webp,https://serverturizm.com.tr/my-images/Hotels/Dar%20Al%20Ghufran%20Safwah%20Tower%20Hotel/unnamed%20%284%29.webp,https://serverturizm.com.tr/my-images/Hotels/Dar%20Al%20Ghufran%20Safwah%20Tower%20Hotel/unnamed%20%285%29.webp,https://serverturizm.com.tr/my-images/Hotels/Dar%20Al%20Ghufran%20Safwah%20Tower%20Hotel/unnamed%20%286%29.webp,https://serverturizm.com.tr/my-images/Hotels/Dar%20Al%20Ghufran%20Safwah%20Tower%20Hotel/unnamed%20%287%29.webp,https://serverturizm.com.tr/my-images/Hotels/Dar%20Al%20Ghufran%20Safwah%20Tower%20Hotel/unnamed%20%288%29.webp,https://serverturizm.com.tr/my-images/Hotels/Dar%20Al%20Ghufran%20Safwah%20Tower%20Hotel/unnamed.webp","https://www.google.com/maps/embed?pb=!1m18!1m12!1m3!1d4565.437648208185!2d39.8267641!3d21.419245!2m3!1f0!2f0!3f0!3m2!1i1024!2i768!4f13.1!3m3!1m2!1s0x15c204b788a061a9%3A0xb96dbf35d751c4ae!2sAl%20Ghufran%20Safwah%20Hotel%20Makkah!5e1!3m2!1sen!2str!4v1769763390910!5m2!1sen!2str"" width=""600"" height=""450"" style=""border:0;"" allowfullscreen="""" loading=""lazy"" referrerpolicy=""no-referrer-when-downgrade""",2.400$,2.350$,2.300$,"0-2 Yaş: 700$
2-6 Yaş: 1000$
6-11 Yaş: 1200$
ÇOCUK ÜCRETLERİNE YATAK DAHİL DEĞİLDİR 
Çocuklar için yatak talep edilmesi halinde, çocuk ücreti yetişkin fiyatından 100 USD daha düşük olarak uygulanacaktır.","AÇIK BÜFE
SABAH VE AKŞAM YEMEKLİ
TÜM ÇEVRE ZİYARETLERİ VE GEZİLER
DİNİ İRŞAD HİZMETLERİ FİYATA DAHİLDİR",90 530 201 52 84,,FALSE,TRUE,,,,,https://www.serverturizm.com.tr/wp-content/uploads/2026/04/13.png,"https://www.serverturizm.com.tr/wp-content/uploads/2026/04/10806-scaled.png,https://www.serverturizm.com.tr/wp-content/uploads/2026/04/IATA2-01-scaled.png,https://www.serverturizm.com.tr/wp-content/uploads/2026/04/10803-01-scaled-e1776760368295.png"
15,220,Eko,EKONOMİK UMRE PROGRAMI,"Eylül 10, 2026",Geçmiş,10.09.2026,,13.09.2026,19.09.2026,"9 Gece 10 Gün
3 Gece Medine, 6 Gece Mekke",,,,,Nusk AlHijra Hotel,"https://serverturizm.com.tr/my-images/Hotels/Nusk%20al%20hijra/unnamed%20%281%29.webp,https://serverturizm.com.tr/my-images/Hotels/Nusk%20al%20hijra/unnamed%20%282%29.webp,https://serverturizm.com.tr/my-images/Hotels/Nusk%20al%20hijra/unnamed%20%283%29.webp,https://serverturizm.com.tr/my-images/Hotels/Nusk%20al%20hijra/unnamed%20%284%29.webp,https://serverturizm.com.tr/my-images/Hotels/Nusk%20al%20hijra/unnamed%20%285%29.webp,https://serverturizm.com.tr/my-images/Hotels/Nusk%20al%20hijra/unnamed%20%286%29.webp,https://serverturizm.com.tr/my-images/Hotels/Nusk%20al%20hijra/unnamed%20%287%29.webp,https://serverturizm.com.tr/my-images/Hotels/Nusk%20al%20hijra/unnamed%20%288%29.webp,https://serverturizm.com.tr/my-images/Hotels/Nusk%20al%20hijra/unnamed%20%289%29.webp,https://serverturizm.com.tr/my-images/Hotels/Nusk%20al%20hijra/unnamed.webp","https://www.google.com/maps/embed?pb=!1m18!1m12!1m3!1d4463.837574712378!2d39.609744199999994!3d24.4647749!2m3!1f0!2f0!3f0!3m2!1i1024!2i768!4f13.1!3m3!1m2!1s0x15bdbf4836aa296f%3A0x4fa3cacddcb622a9!2z2YHZhtiv2YIg2YbYs9mDINin2YTZh9is2LHYqSBOdXNrIEFsSGlqcmEgSG90ZWw!5e1!3m2!1sen!2str!4v1769763531907!5m2!1sen!2str"" width=""600"" height=""450"" style=""border:0;"" allowfullscreen="""" loading=""lazy"" referrerpolicy=""no-referrer-when-downgrade",Makarem Umm Al Qura Hotel,"https://serverturizm.com.tr/my-images/Hotels/Makarem%20Umm%20Al%20Qura%20Hotel/unnamed%20%281%29.webp,https://serverturizm.com.tr/my-images/Hotels/Makarem%20Umm%20Al%20Qura%20Hotel/unnamed%20%2810%29.webp,https://serverturizm.com.tr/my-images/Hotels/Makarem%20Umm%20Al%20Qura%20Hotel/unnamed%20%282%29.webp,https://serverturizm.com.tr/my-images/Hotels/Makarem%20Umm%20Al%20Qura%20Hotel/unnamed%20%283%29.webp,https://serverturizm.com.tr/my-images/Hotels/Makarem%20Umm%20Al%20Qura%20Hotel/unnamed%20%284%29.webp,https://serverturizm.com.tr/my-images/Hotels/Makarem%20Umm%20Al%20Qura%20Hotel/unnamed%20%285%29.webp,https://serverturizm.com.tr/my-images/Hotels/Makarem%20Umm%20Al%20Qura%20Hotel/unnamed%20%286%29.webp,https://serverturizm.com.tr/my-images/Hotels/Makarem%20Umm%20Al%20Qura%20Hotel/unnamed%20%287%29.webp,https://serverturizm.com.tr/my-images/Hotels/Makarem%20Umm%20Al%20Qura%20Hotel/unnamed%20%288%29.webp,https://serverturizm.com.tr/my-images/Hotels/Makarem%20Umm%20Al%20Qura%20Hotel/unnamed.webp","https://www.google.com/maps/embed?pb=!1m18!1m12!1m3!1d4565.966757268585!2d39.8307328!3d21.4023114!2m3!1f0!2f0!3f0!3m2!1i1024!2i768!4f13.1!3m3!1m2!1s0x15c204dbc1d086d9%3A0xe768cbc6e06ede7!2sMakarem%20Um%20Al%20Qura%20Hotel!5e1!3m2!1sen!2str!4v1769763486944!5m2!1sen!2str"" width=""600"" height=""450"" style=""border:0;"" allowfullscreen="""" loading=""lazy"" referrerpolicy=""no-referrer-when-downgrade",1.350$,1.300$,1.250$,"0-2 Yaş: 650$
2-6 Yaş: 950$
6-11 Yaş: 1100$
ÇOCUK ÜCRETLERİNE YATAK DAHİL DEĞİLDİR 
Çocuklar için yatak talep edilmesi halinde, çocuk ücreti yetişkin fiyatından 100 USD daha düşük olarak uygulanacaktır.","YAKIN SERVISLI
SABAH VE AKŞAM YEMEKLİ
TÜM ÇEVRE ZİYARETLERİ VE GEZİLER
DİNİ İRŞAD HİZMETLERİ FİYATA DAHİLDİR",90 530 201 52 84,,FALSE,TRUE,,,,,https://www.serverturizm.com.tr/wp-content/uploads/2026/04/13.png,"https://www.serverturizm.com.tr/wp-content/uploads/2026/04/10806-scaled.png,https://www.serverturizm.com.tr/wp-content/uploads/2026/04/IATA2-01-scaled.png,https://www.serverturizm.com.tr/wp-content/uploads/2026/04/10803-01-scaled-e1776760368295.png"
16,221,Eko, EKONOMİK UMRE PROGRAMI,"Eylül 10, 2026",Geçmiş,10.09.2026,,13.09.2026,23.09.2026,"13 Gece 14 Gün
3 Gece Medine, 10 Gece Mekke",,,,,Nusk AlHijra Hotel,"https://serverturizm.com.tr/my-images/Hotels/Nusk%20al%20hijra/unnamed%20%281%29.webp,https://serverturizm.com.tr/my-images/Hotels/Nusk%20al%20hijra/unnamed%20%282%29.webp,https://serverturizm.com.tr/my-images/Hotels/Nusk%20al%20hijra/unnamed%20%283%29.webp,https://serverturizm.com.tr/my-images/Hotels/Nusk%20al%20hijra/unnamed%20%284%29.webp,https://serverturizm.com.tr/my-images/Hotels/Nusk%20al%20hijra/unnamed%20%285%29.webp,https://serverturizm.com.tr/my-images/Hotels/Nusk%20al%20hijra/unnamed%20%286%29.webp,https://serverturizm.com.tr/my-images/Hotels/Nusk%20al%20hijra/unnamed%20%287%29.webp,https://serverturizm.com.tr/my-images/Hotels/Nusk%20al%20hijra/unnamed%20%288%29.webp,https://serverturizm.com.tr/my-images/Hotels/Nusk%20al%20hijra/unnamed%20%289%29.webp,https://serverturizm.com.tr/my-images/Hotels/Nusk%20al%20hijra/unnamed.webp","https://www.google.com/maps/embed?pb=!1m18!1m12!1m3!1d4463.837574712378!2d39.609744199999994!3d24.4647749!2m3!1f0!2f0!3f0!3m2!1i1024!2i768!4f13.1!3m3!1m2!1s0x15bdbf4836aa296f%3A0x4fa3cacddcb622a9!2z2YHZhtiv2YIg2YbYs9mDINin2YTZh9is2LHYqSBOdXNrIEFsSGlqcmEgSG90ZWw!5e1!3m2!1sen!2str!4v1769763531907!5m2!1sen!2str"" width=""600"" height=""450"" style=""border:0;"" allowfullscreen="""" loading=""lazy"" referrerpolicy=""no-referrer-when-downgrade",Makarem Umm Al Qura Hotel,"https://serverturizm.com.tr/my-images/Hotels/Makarem%20Umm%20Al%20Qura%20Hotel/unnamed%20%281%29.webp,https://serverturizm.com.tr/my-images/Hotels/Makarem%20Umm%20Al%20Qura%20Hotel/unnamed%20%2810%29.webp,https://serverturizm.com.tr/my-images/Hotels/Makarem%20Umm%20Al%20Qura%20Hotel/unnamed%20%282%29.webp,https://serverturizm.com.tr/my-images/Hotels/Makarem%20Umm%20Al%20Qura%20Hotel/unnamed%20%283%29.webp,https://serverturizm.com.tr/my-images/Hotels/Makarem%20Umm%20Al%20Qura%20Hotel/unnamed%20%284%29.webp,https://serverturizm.com.tr/my-images/Hotels/Makarem%20Umm%20Al%20Qura%20Hotel/unnamed%20%285%29.webp,https://serverturizm.com.tr/my-images/Hotels/Makarem%20Umm%20Al%20Qura%20Hotel/unnamed%20%286%29.webp,https://serverturizm.com.tr/my-images/Hotels/Makarem%20Umm%20Al%20Qura%20Hotel/unnamed%20%287%29.webp,https://serverturizm.com.tr/my-images/Hotels/Makarem%20Umm%20Al%20Qura%20Hotel/unnamed%20%288%29.webp,https://serverturizm.com.tr/my-images/Hotels/Makarem%20Umm%20Al%20Qura%20Hotel/unnamed.webp","https://www.google.com/maps/embed?pb=!1m18!1m12!1m3!1d4565.966757268585!2d39.8307328!3d21.4023114!2m3!1f0!2f0!3f0!3m2!1i1024!2i768!4f13.1!3m3!1m2!1s0x15c204dbc1d086d9%3A0xe768cbc6e06ede7!2sMakarem%20Um%20Al%20Qura%20Hotel!5e1!3m2!1sen!2str!4v1769763486944!5m2!1sen!2str"" width=""600"" height=""450"" style=""border:0;"" allowfullscreen="""" loading=""lazy"" referrerpolicy=""no-referrer-when-downgrade",1.450$,1.400$,1.350$,"0-2 Yaş: 650$
2-6 Yaş: 950$
6-11 Yaş: 1100$
ÇOCUK ÜCRETLERİNE YATAK DAHİL DEĞİLDİR 
Çocuklar için yatak talep edilmesi halinde, çocuk ücreti yetişkin fiyatından 100 USD daha düşük olarak uygulanacaktır.","YAKIN SERVISLI
SABAH VE AKŞAM YEMEKLİ
TÜM ÇEVRE ZİYARETLERİ VE GEZİLER
DİNİ İRŞAD HİZMETLERİ FİYATA DAHİLDİR",90 530 201 52 84,,FALSE,TRUE,,,,,https://www.serverturizm.com.tr/wp-content/uploads/2026/04/13.png,"https://www.serverturizm.com.tr/wp-content/uploads/2026/04/10806-scaled.png,https://www.serverturizm.com.tr/wp-content/uploads/2026/04/IATA2-01-scaled.png,https://www.serverturizm.com.tr/wp-content/uploads/2026/04/10803-01-scaled-e1776760368295.png"
17,222,Lüks, LÜKS UMRE PROGRAMI,"Eylül 24, 2026",9 gün 11 saat,24.09.2026,,27.09.2026,03.10.2026,"9 Gece 10 Gün
3 Gece Medine, 6 Gece Mekke",,,,,Mias Al Madina Hotel,"https://serverturizm.com.tr/my-images/Hotels/Mias%20Al%20Madina%20Hotel/unnamed%20%281%29.webp,https://serverturizm.com.tr/my-images/Hotels/Mias%20Al%20Madina%20Hotel/unnamed%20%282%29.webp,https://serverturizm.com.tr/my-images/Hotels/Mias%20Al%20Madina%20Hotel/unnamed%20%283%29.webp,https://serverturizm.com.tr/my-images/Hotels/Mias%20Al%20Madina%20Hotel/unnamed%20%284%29.webp,https://serverturizm.com.tr/my-images/Hotels/Mias%20Al%20Madina%20Hotel/unnamed%20%285%29.webp,https://serverturizm.com.tr/my-images/Hotels/Mias%20Al%20Madina%20Hotel/unnamed%20%286%29.webp,https://serverturizm.com.tr/my-images/Hotels/Mias%20Al%20Madina%20Hotel/unnamed%20%287%29.webp,https://serverturizm.com.tr/my-images/Hotels/Mias%20Al%20Madina%20Hotel/unnamed%20%288%29.webp,https://serverturizm.com.tr/my-images/Hotels/Mias%20Al%20Madina%20Hotel/unnamed%20%289%29.webp,https://serverturizm.com.tr/my-images/Hotels/Mias%20Al%20Madina%20Hotel/unnamed.webp","https://www.google.com/maps/embed?pb=!1m18!1m12!1m3!1d4463.7321381089405!2d39.605854!3d24.4677492!2m3!1f0!2f0!3f0!3m2!1i1024!2i768!4f13.1!3m3!1m2!1s0x15bdbf9fe67ab795%3A0x9e49c8267255373e!2sMIAS%20HOTEL!5e1!3m2!1sen!2str!4v1769763447078!5m2!1sen!2str"" width=""600"" height=""450"" style=""border:0;"" allowfullscreen="""" loading=""lazy"" referrerpolicy=""no-referrer-when-downgrade",Dar Al Ghufran Safwah Tower Hotel,"https://serverturizm.com.tr/my-images/Hotels/Dar%20Al%20Ghufran%20Safwah%20Tower%20Hotel/unnamed%20%281%29.webp,https://serverturizm.com.tr/my-images/Hotels/Dar%20Al%20Ghufran%20Safwah%20Tower%20Hotel/unnamed%20%2810%29.webp,https://serverturizm.com.tr/my-images/Hotels/Dar%20Al%20Ghufran%20Safwah%20Tower%20Hotel/unnamed%20%282%29.webp,https://serverturizm.com.tr/my-images/Hotels/Dar%20Al%20Ghufran%20Safwah%20Tower%20Hotel/unnamed%20%283%29.webp,https://serverturizm.com.tr/my-images/Hotels/Dar%20Al%20Ghufran%20Safwah%20Tower%20Hotel/unnamed%20%284%29.webp,https://serverturizm.com.tr/my-images/Hotels/Dar%20Al%20Ghufran%20Safwah%20Tower%20Hotel/unnamed%20%285%29.webp,https://serverturizm.com.tr/my-images/Hotels/Dar%20Al%20Ghufran%20Safwah%20Tower%20Hotel/unnamed%20%286%29.webp,https://serverturizm.com.tr/my-images/Hotels/Dar%20Al%20Ghufran%20Safwah%20Tower%20Hotel/unnamed%20%287%29.webp,https://serverturizm.com.tr/my-images/Hotels/Dar%20Al%20Ghufran%20Safwah%20Tower%20Hotel/unnamed%20%288%29.webp,https://serverturizm.com.tr/my-images/Hotels/Dar%20Al%20Ghufran%20Safwah%20Tower%20Hotel/unnamed.webp","https://www.google.com/maps/embed?pb=!1m18!1m12!1m3!1d4565.437648208185!2d39.8267641!3d21.419245!2m3!1f0!2f0!3f0!3m2!1i1024!2i768!4f13.1!3m3!1m2!1s0x15c204b788a061a9%3A0xb96dbf35d751c4ae!2sAl%20Ghufran%20Safwah%20Hotel%20Makkah!5e1!3m2!1sen!2str!4v1769763390910!5m2!1sen!2str"" width=""600"" height=""450"" style=""border:0;"" allowfullscreen="""" loading=""lazy"" referrerpolicy=""no-referrer-when-downgrade""",2.450$,2.400$,2.350$,"0-2 Yaş: 700$
2-6 Yaş: 1000$
6-11 Yaş: 1200$
ÇOCUK ÜCRETLERİNE YATAK DAHİL DEĞİLDİR 
Çocuklar için yatak talep edilmesi halinde, çocuk ücreti yetişkin fiyatından 100 USD daha düşük olarak uygulanacaktır.","AÇIK BÜFE
SABAH VE AKŞAM YEMEKLİ
TÜM ÇEVRE ZİYARETLERİ VE GEZİLER
DİNİ İRŞAD HİZMETLERİ FİYATA DAHİLDİR",90 530 201 52 84,,FALSE,FALSE,,,,,https://www.serverturizm.com.tr/wp-content/uploads/2026/04/13.png,"https://www.serverturizm.com.tr/wp-content/uploads/2026/04/10806-scaled.png,https://www.serverturizm.com.tr/wp-content/uploads/2026/04/IATA2-01-scaled.png,https://www.serverturizm.com.tr/wp-content/uploads/2026/04/10803-01-scaled-e1776760368295.png"
18,223,Eko, EKONOMİK UMRE PROGRAMI,"Eylül 24, 2026",9 gün 11 saat,24.09.2026,,27.09.2026,03.10.2026,"9 Gece 10 Gün
3 Gece Medine, 6 Gece Mekke",,,,,Nusk AlHijra Hotel,"https://serverturizm.com.tr/my-images/Hotels/Nusk%20al%20hijra/unnamed%20%281%29.webp,https://serverturizm.com.tr/my-images/Hotels/Nusk%20al%20hijra/unnamed%20%282%29.webp,https://serverturizm.com.tr/my-images/Hotels/Nusk%20al%20hijra/unnamed%20%283%29.webp,https://serverturizm.com.tr/my-images/Hotels/Nusk%20al%20hijra/unnamed%20%284%29.webp,https://serverturizm.com.tr/my-images/Hotels/Nusk%20al%20hijra/unnamed%20%285%29.webp,https://serverturizm.com.tr/my-images/Hotels/Nusk%20al%20hijra/unnamed%20%286%29.webp,https://serverturizm.com.tr/my-images/Hotels/Nusk%20al%20hijra/unnamed%20%287%29.webp,https://serverturizm.com.tr/my-images/Hotels/Nusk%20al%20hijra/unnamed%20%288%29.webp,https://serverturizm.com.tr/my-images/Hotels/Nusk%20al%20hijra/unnamed%20%289%29.webp,https://serverturizm.com.tr/my-images/Hotels/Nusk%20al%20hijra/unnamed.webp","https://www.google.com/maps/embed?pb=!1m18!1m12!1m3!1d4463.837574712378!2d39.609744199999994!3d24.4647749!2m3!1f0!2f0!3f0!3m2!1i1024!2i768!4f13.1!3m3!1m2!1s0x15bdbf4836aa296f%3A0x4fa3cacddcb622a9!2z2YHZhtiv2YIg2YbYs9mDINin2YTZh9is2LHYqSBOdXNrIEFsSGlqcmEgSG90ZWw!5e1!3m2!1sen!2str!4v1769763531907!5m2!1sen!2str"" width=""600"" height=""450"" style=""border:0;"" allowfullscreen="""" loading=""lazy"" referrerpolicy=""no-referrer-when-downgrade",Makarem Umm Al Qura Hotel,"https://serverturizm.com.tr/my-images/Hotels/Makarem%20Umm%20Al%20Qura%20Hotel/unnamed%20%281%29.webp,https://serverturizm.com.tr/my-images/Hotels/Makarem%20Umm%20Al%20Qura%20Hotel/unnamed%20%2810%29.webp,https://serverturizm.com.tr/my-images/Hotels/Makarem%20Umm%20Al%20Qura%20Hotel/unnamed%20%282%29.webp,https://serverturizm.com.tr/my-images/Hotels/Makarem%20Umm%20Al%20Qura%20Hotel/unnamed%20%283%29.webp,https://serverturizm.com.tr/my-images/Hotels/Makarem%20Umm%20Al%20Qura%20Hotel/unnamed%20%284%29.webp,https://serverturizm.com.tr/my-images/Hotels/Makarem%20Umm%20Al%20Qura%20Hotel/unnamed%20%285%29.webp,https://serverturizm.com.tr/my-images/Hotels/Makarem%20Umm%20Al%20Qura%20Hotel/unnamed%20%286%29.webp,https://serverturizm.com.tr/my-images/Hotels/Makarem%20Umm%20Al%20Qura%20Hotel/unnamed%20%287%29.webp,https://serverturizm.com.tr/my-images/Hotels/Makarem%20Umm%20Al%20Qura%20Hotel/unnamed%20%288%29.webp,https://serverturizm.com.tr/my-images/Hotels/Makarem%20Umm%20Al%20Qura%20Hotel/unnamed.webp","https://www.google.com/maps/embed?pb=!1m18!1m12!1m3!1d4565.966757268585!2d39.8307328!3d21.4023114!2m3!1f0!2f0!3f0!3m2!1i1024!2i768!4f13.1!3m3!1m2!1s0x15c204dbc1d086d9%3A0xe768cbc6e06ede7!2sMakarem%20Um%20Al%20Qura%20Hotel!5e1!3m2!1sen!2str!4v1769763486944!5m2!1sen!2str"" width=""600"" height=""450"" style=""border:0;"" allowfullscreen="""" loading=""lazy"" referrerpolicy=""no-referrer-when-downgrade",1.350$,1.300$,1.250$,"0-2 Yaş: 650$
2-6 Yaş: 950$
6-11 Yaş: 1100$
ÇOCUK ÜCRETLERİNE YATAK DAHİL DEĞİLDİR 
Çocuklar için yatak talep edilmesi halinde, çocuk ücreti yetişkin fiyatından 100 USD daha düşük olarak uygulanacaktır.","YAKIN SERVISLI
SABAH VE AKŞAM YEMEKLİ
TÜM ÇEVRE ZİYARETLERİ VE GEZİLER
DİNİ İRŞAD HİZMETLERİ FİYATA DAHİLDİR",90 530 201 52 84,,FALSE,FALSE,,,,,https://www.serverturizm.com.tr/wp-content/uploads/2026/04/13.png,"https://www.serverturizm.com.tr/wp-content/uploads/2026/04/10806-scaled.png,https://www.serverturizm.com.tr/wp-content/uploads/2026/04/IATA2-01-scaled.png,https://www.serverturizm.com.tr/wp-content/uploads/2026/04/10803-01-scaled-e1776760368295.png"
19,224,Eko, EKONOMİK UMRE PROGRAMI,"Eylül 24, 2026",9 gün 11 saat,24.09.2026,,27.09.2026,07.10.2026,"13 Gece 14 Gün
3 Gece Medine, 10 Gece Mekke",,,,,Nusk AlHijra Hotel,"https://serverturizm.com.tr/my-images/Hotels/Nusk%20al%20hijra/unnamed%20%281%29.webp,https://serverturizm.com.tr/my-images/Hotels/Nusk%20al%20hijra/unnamed%20%282%29.webp,https://serverturizm.com.tr/my-images/Hotels/Nusk%20al%20hijra/unnamed%20%283%29.webp,https://serverturizm.com.tr/my-images/Hotels/Nusk%20al%20hijra/unnamed%20%284%29.webp,https://serverturizm.com.tr/my-images/Hotels/Nusk%20al%20hijra/unnamed%20%285%29.webp,https://serverturizm.com.tr/my-images/Hotels/Nusk%20al%20hijra/unnamed%20%286%29.webp,https://serverturizm.com.tr/my-images/Hotels/Nusk%20al%20hijra/unnamed%20%287%29.webp,https://serverturizm.com.tr/my-images/Hotels/Nusk%20al%20hijra/unnamed%20%288%29.webp,https://serverturizm.com.tr/my-images/Hotels/Nusk%20al%20hijra/unnamed%20%289%29.webp,https://serverturizm.com.tr/my-images/Hotels/Nusk%20al%20hijra/unnamed.webp","https://www.google.com/maps/embed?pb=!1m18!1m12!1m3!1d4463.837574712378!2d39.609744199999994!3d24.4647749!2m3!1f0!2f0!3f0!3m2!1i1024!2i768!4f13.1!3m3!1m2!1s0x15bdbf4836aa296f%3A0x4fa3cacddcb622a9!2z2YHZhtiv2YIg2YbYs9mDINin2YTZh9is2LHYqSBOdXNrIEFsSGlqcmEgSG90ZWw!5e1!3m2!1sen!2str!4v1769763531907!5m2!1sen!2str"" width=""600"" height=""450"" style=""border:0;"" allowfullscreen="""" loading=""lazy"" referrerpolicy=""no-referrer-when-downgrade",Makarem Umm Al Qura Hotel,"https://serverturizm.com.tr/my-images/Hotels/Makarem%20Umm%20Al%20Qura%20Hotel/unnamed%20%281%29.webp,https://serverturizm.com.tr/my-images/Hotels/Makarem%20Umm%20Al%20Qura%20Hotel/unnamed%20%2810%29.webp,https://serverturizm.com.tr/my-images/Hotels/Makarem%20Umm%20Al%20Qura%20Hotel/unnamed%20%282%29.webp,https://serverturizm.com.tr/my-images/Hotels/Makarem%20Umm%20Al%20Qura%20Hotel/unnamed%20%283%29.webp,https://serverturizm.com.tr/my-images/Hotels/Makarem%20Umm%20Al%20Qura%20Hotel/unnamed%20%284%29.webp,https://serverturizm.com.tr/my-images/Hotels/Makarem%20Umm%20Al%20Qura%20Hotel/unnamed%20%285%29.webp,https://serverturizm.com.tr/my-images/Hotels/Makarem%20Umm%20Al%20Qura%20Hotel/unnamed%20%286%29.webp,https://serverturizm.com.tr/my-images/Hotels/Makarem%20Umm%20Al%20Qura%20Hotel/unnamed%20%287%29.webp,https://serverturizm.com.tr/my-images/Hotels/Makarem%20Umm%20Al%20Qura%20Hotel/unnamed%20%288%29.webp,https://serverturizm.com.tr/my-images/Hotels/Makarem%20Umm%20Al%20Qura%20Hotel/unnamed.webp","https://www.google.com/maps/embed?pb=!1m18!1m12!1m3!1d4565.966757268585!2d39.8307328!3d21.4023114!2m3!1f0!2f0!3f0!3m2!1i1024!2i768!4f13.1!3m3!1m2!1s0x15c204dbc1d086d9%3A0xe768cbc6e06ede7!2sMakarem%20Um%20Al%20Qura%20Hotel!5e1!3m2!1sen!2str!4v1769763486944!5m2!1sen!2str"" width=""600"" height=""450"" style=""border:0;"" allowfullscreen="""" loading=""lazy"" referrerpolicy=""no-referrer-when-downgrade",1.450$,1.400$,1.350$,"0-2 Yaş: 650$
2-6 Yaş: 950$
6-11 Yaş: 1100$
ÇOCUK ÜCRETLERİNE YATAK DAHİL DEĞİLDİR 
Çocuklar için yatak talep edilmesi halinde, çocuk ücreti yetişkin fiyatından 100 USD daha düşük olarak uygulanacaktır.","YAKIN SERVISLI
SABAH VE AKŞAM YEMEKLİ
TÜM ÇEVRE ZİYARETLERİ VE GEZİLER
DİNİ İRŞAD HİZMETLERİ FİYATA DAHİLDİR",90 530 201 52 84,,FALSE,FALSE,,,,,https://www.serverturizm.com.tr/wp-content/uploads/2026/04/13.png,"https://www.serverturizm.com.tr/wp-content/uploads/2026/04/10806-scaled.png,https://www.serverturizm.com.tr/wp-content/uploads/2026/04/IATA2-01-scaled.png,https://www.serverturizm.com.tr/wp-content/uploads/2026/04/10803-01-scaled-e1776760368295.png"
20,Kahire3,Eko,MISIR BAĞLANTILI UMRE PROGRAMI,"Eylül 30, 2026",15 gün 11 saat,30.09.2026,3.10.2026,10.10.2026,13.10.2026,"13 Gece 14 Gün
3 Gece Kahire, 7 Gece Mekke, 3 Gece Medine",Kahire,Azal Pyramids Hotel,"https://serverturizm.com.tr/my-images/Hotels/azal%20pyramids%20hotel/unnamed%20%281%29.webp,https://serverturizm.com.tr/my-images/Hotels/azal%20pyramids%20hotel/unnamed%20%282%29.webp,https://serverturizm.com.tr/my-images/Hotels/azal%20pyramids%20hotel/unnamed%20%283%29.webp,https://serverturizm.com.tr/my-images/Hotels/azal%20pyramids%20hotel/unnamed%20%284%29.webp,https://serverturizm.com.tr/my-images/Hotels/azal%20pyramids%20hotel/unnamed%20%285%29.webp,https://serverturizm.com.tr/my-images/Hotels/azal%20pyramids%20hotel/unnamed%20%286%29.webp,https://serverturizm.com.tr/my-images/Hotels/azal%20pyramids%20hotel/unnamed%20%287%29.webp,https://serverturizm.com.tr/my-images/Hotels/azal%20pyramids%20hotel/unnamed%20%288%29.webp,https://serverturizm.com.tr/my-images/Hotels/azal%20pyramids%20hotel/unnamed%20%289%29.webp,https://serverturizm.com.tr/my-images/Hotels/azal%20pyramids%20hotel/unnamed.webp","https://www.google.com/maps/embed?pb=!1m18!1m12!1m3!1d3455.2941233577626!2d31.171814611131047!3d29.99970987484171!2m3!1f0!2f0!3f0!3m2!1i1024!2i768!4f13.1!3m3!1m2!1s0x14584679b0499b71%3A0x9ff8267cefc4eca0!2sAzal%20Pyramids%20Hotel!5e0!3m2!1sen!2str!4v1776782713932!5m2!1sen!2str"" width=""600"" height=""450"" style=""border:0;"" allowfullscreen="""" loading=""lazy"" referrerpolicy=""no-referrer-when-downgrade",Grand Al shahba Hotel Madinah,"https://serverturizm.com.tr/my-images/Hotels/Grand%20Al%20shahba%20Hotel%20Madinah/unnamed%20%281%29.webp,https://serverturizm.com.tr/my-images/Hotels/Grand%20Al%20shahba%20Hotel%20Madinah/unnamed%20%282%29.webp,https://serverturizm.com.tr/my-images/Hotels/Grand%20Al%20shahba%20Hotel%20Madinah/unnamed%20%283%29.webp,https://serverturizm.com.tr/my-images/Hotels/Grand%20Al%20shahba%20Hotel%20Madinah/unnamed%20%284%29.webp,https://serverturizm.com.tr/my-images/Hotels/Grand%20Al%20shahba%20Hotel%20Madinah/unnamed%20%285%29.webp,https://serverturizm.com.tr/my-images/Hotels/Grand%20Al%20shahba%20Hotel%20Madinah/unnamed%20%286%29.webp,https://serverturizm.com.tr/my-images/Hotels/Grand%20Al%20shahba%20Hotel%20Madinah/unnamed%20%287%29.webp,https://serverturizm.com.tr/my-images/Hotels/Grand%20Al%20shahba%20Hotel%20Madinah/unnamed%20%288%29.webp,https://serverturizm.com.tr/my-images/Hotels/Grand%20Al%20shahba%20Hotel%20Madinah/unnamed%20%289%29.webp,https://serverturizm.com.tr/my-images/Hotels/Grand%20Al%20shahba%20Hotel%20Madinah/unnamed.webp","https://www.google.com/maps/embed?pb=!1m18!1m12!1m3!1d7476.077003125505!2d39.609760309577304!3d24.46383063464214!2m3!1f0!2f0!3f0!3m2!1i1024!2i768!4f13.1!3m3!1m2!1s0x15bdbf7358170837%3A0x49d4da3051fc645e!2sGrand%20Al%20Shahba%20Hotel!5e0!3m2!1sen!2str!4v1775496770755!5m2!1sen!2str"" width=""600"" height=""450"" style=""border:0;"" allowfullscreen="""" loading=""lazy"" referrerpolicy=""no-referrer-when-downgrade""",Makarem Umm Al Qura Hotel,"https://serverturizm.com.tr/my-images/Hotels/Makarem%20Umm%20Al%20Qura%20Hotel/unnamed%20%281%29.webp,https://serverturizm.com.tr/my-images/Hotels/Makarem%20Umm%20Al%20Qura%20Hotel/unnamed%20%2810%29.webp,https://serverturizm.com.tr/my-images/Hotels/Makarem%20Umm%20Al%20Qura%20Hotel/unnamed%20%282%29.webp,https://serverturizm.com.tr/my-images/Hotels/Makarem%20Umm%20Al%20Qura%20Hotel/unnamed%20%283%29.webp,https://serverturizm.com.tr/my-images/Hotels/Makarem%20Umm%20Al%20Qura%20Hotel/unnamed%20%284%29.webp,https://serverturizm.com.tr/my-images/Hotels/Makarem%20Umm%20Al%20Qura%20Hotel/unnamed%20%285%29.webp,https://serverturizm.com.tr/my-images/Hotels/Makarem%20Umm%20Al%20Qura%20Hotel/unnamed%20%286%29.webp,https://serverturizm.com.tr/my-images/Hotels/Makarem%20Umm%20Al%20Qura%20Hotel/unnamed%20%287%29.webp,https://serverturizm.com.tr/my-images/Hotels/Makarem%20Umm%20Al%20Qura%20Hotel/unnamed%20%288%29.webp,https://serverturizm.com.tr/my-images/Hotels/Makarem%20Umm%20Al%20Qura%20Hotel/unnamed.webp","https://www.google.com/maps/embed?pb=!1m18!1m12!1m3!1d4565.966757268585!2d39.8307328!3d21.4023114!2m3!1f0!2f0!3f0!3m2!1i1024!2i768!4f13.1!3m3!1m2!1s0x15c204dbc1d086d9%3A0xe768cbc6e06ede7!2sMakarem%20Um%20Al%20Qura%20Hotel!5e1!3m2!1sen!2str!4v1769763486944!5m2!1sen!2str"" width=""600"" height=""450"" style=""border:0;"" allowfullscreen="""" loading=""lazy"" referrerpolicy=""no-referrer-when-downgrade",1.650$,1.550$,1.500$,"0-2 Yaş: 650$
2-6 Yaş: 950$
6-11 Yaş: 1100$
ÇOCUK ÜCRETLERİNE YATAK DAHİL DEĞİLDİR 
Çocuklar için yatak talep edilmesi halinde, çocuk ücreti yetişkin fiyatından 100 USD daha düşük olarak uygulanacaktır.","YAKIN SERVISLI
SABAH VE AKŞAM YEMEKLİ
TÜM ÇEVRE ZİYARETLERİ VE GEZİLER
DİNİ İRŞAD HİZMETLERİ FİYATA DAHİLDİR",90 530 201 52 84,,FALSE,FALSE,,,,,https://www.serverturizm.com.tr/wp-content/uploads/2026/05/76777-e1777894123374.png,"https://www.serverturizm.com.tr/wp-content/uploads/2026/04/10806-scaled.png,https://www.serverturizm.com.tr/wp-content/uploads/2026/04/IATA2-01-scaled.png,https://www.serverturizm.com.tr/wp-content/uploads/2026/04/10803-01-scaled-e1776760368295.png"
21,225,Lüks, LÜKS UMRE PROGRAMI,"Ekim 8, 2026",23 gün 11 saat,08.10.2026,,11.10.2026,17.10.2026,"9 Gece 10 Gün
3 Gece Medine, 6 Gece Mekke",,,,,Mias Al Madina Hotel,"https://serverturizm.com.tr/my-images/Hotels/Mias%20Al%20Madina%20Hotel/unnamed%20%281%29.webp,https://serverturizm.com.tr/my-images/Hotels/Mias%20Al%20Madina%20Hotel/unnamed%20%282%29.webp,https://serverturizm.com.tr/my-images/Hotels/Mias%20Al%20Madina%20Hotel/unnamed%20%283%29.webp,https://serverturizm.com.tr/my-images/Hotels/Mias%20Al%20Madina%20Hotel/unnamed%20%284%29.webp,https://serverturizm.com.tr/my-images/Hotels/Mias%20Al%20Madina%20Hotel/unnamed%20%285%29.webp,https://serverturizm.com.tr/my-images/Hotels/Mias%20Al%20Madina%20Hotel/unnamed%20%286%29.webp,https://serverturizm.com.tr/my-images/Hotels/Mias%20Al%20Madina%20Hotel/unnamed%20%287%29.webp,https://serverturizm.com.tr/my-images/Hotels/Mias%20Al%20Madina%20Hotel/unnamed%20%288%29.webp,https://serverturizm.com.tr/my-images/Hotels/Mias%20Al%20Madina%20Hotel/unnamed%20%289%29.webp,https://serverturizm.com.tr/my-images/Hotels/Mias%20Al%20Madina%20Hotel/unnamed.webp","https://www.google.com/maps/embed?pb=!1m18!1m12!1m3!1d4463.7321381089405!2d39.605854!3d24.4677492!2m3!1f0!2f0!3f0!3m2!1i1024!2i768!4f13.1!3m3!1m2!1s0x15bdbf9fe67ab795%3A0x9e49c8267255373e!2sMIAS%20HOTEL!5e1!3m2!1sen!2str!4v1769763447078!5m2!1sen!2str"" width=""600"" height=""450"" style=""border:0;"" allowfullscreen="""" loading=""lazy"" referrerpolicy=""no-referrer-when-downgrade",Dar Al Ghufran Safwah Tower Hotel,"https://serverturizm.com.tr/my-images/Hotels/Dar%20Al%20Ghufran%20Safwah%20Tower%20Hotel/unnamed%20%281%29.webp,https://serverturizm.com.tr/my-images/Hotels/Dar%20Al%20Ghufran%20Safwah%20Tower%20Hotel/unnamed%20%2810%29.webp,https://serverturizm.com.tr/my-images/Hotels/Dar%20Al%20Ghufran%20Safwah%20Tower%20Hotel/unnamed%20%282%29.webp,https://serverturizm.com.tr/my-images/Hotels/Dar%20Al%20Ghufran%20Safwah%20Tower%20Hotel/unnamed%20%283%29.webp,https://serverturizm.com.tr/my-images/Hotels/Dar%20Al%20Ghufran%20Safwah%20Tower%20Hotel/unnamed%20%284%29.webp,https://serverturizm.com.tr/my-images/Hotels/Dar%20Al%20Ghufran%20Safwah%20Tower%20Hotel/unnamed%20%285%29.webp,https://serverturizm.com.tr/my-images/Hotels/Dar%20Al%20Ghufran%20Safwah%20Tower%20Hotel/unnamed%20%286%29.webp,https://serverturizm.com.tr/my-images/Hotels/Dar%20Al%20Ghufran%20Safwah%20Tower%20Hotel/unnamed%20%287%29.webp,https://serverturizm.com.tr/my-images/Hotels/Dar%20Al%20Ghufran%20Safwah%20Tower%20Hotel/unnamed%20%288%29.webp,https://serverturizm.com.tr/my-images/Hotels/Dar%20Al%20Ghufran%20Safwah%20Tower%20Hotel/unnamed.webp","https://www.google.com/maps/embed?pb=!1m18!1m12!1m3!1d4565.437648208185!2d39.8267641!3d21.419245!2m3!1f0!2f0!3f0!3m2!1i1024!2i768!4f13.1!3m3!1m2!1s0x15c204b788a061a9%3A0xb96dbf35d751c4ae!2sAl%20Ghufran%20Safwah%20Hotel%20Makkah!5e1!3m2!1sen!2str!4v1769763390910!5m2!1sen!2str"" width=""600"" height=""450"" style=""border:0;"" allowfullscreen="""" loading=""lazy"" referrerpolicy=""no-referrer-when-downgrade""",2.450$,2.400$,2.350$,"0-2 Yaş: 700$
2-6 Yaş: 1000$
6-11 Yaş: 1200$
ÇOCUK ÜCRETLERİNE YATAK DAHİL DEĞİLDİR 
Çocuklar için yatak talep edilmesi halinde, çocuk ücreti yetişkin fiyatından 100 USD daha düşük olarak uygulanacaktır.","AÇIK BÜFE
SABAH VE AKŞAM YEMEKLİ
TÜM ÇEVRE ZİYARETLERİ VE GEZİLER
DİNİ İRŞAD HİZMETLERİ FİYATA DAHİLDİR",90 530 201 52 84,,FALSE,FALSE,,,,,https://www.serverturizm.com.tr/wp-content/uploads/2026/04/13.png,"https://www.serverturizm.com.tr/wp-content/uploads/2026/04/10806-scaled.png,https://www.serverturizm.com.tr/wp-content/uploads/2026/04/IATA2-01-scaled.png,https://www.serverturizm.com.tr/wp-content/uploads/2026/04/10803-01-scaled-e1776760368295.png"
22,226,Eko, EKONOMİK UMRE PROGRAMI,"Ekim 8, 2026",23 gün 11 saat,08.10.2026,,11.10.2026,17.10.2026,"9 Gece 10 Gün
3 Gece Medine, 6 Gece Mekke",,,,,Nusk AlHijra Hotel,"https://serverturizm.com.tr/my-images/Hotels/Nusk%20al%20hijra/unnamed%20%281%29.webp,https://serverturizm.com.tr/my-images/Hotels/Nusk%20al%20hijra/unnamed%20%282%29.webp,https://serverturizm.com.tr/my-images/Hotels/Nusk%20al%20hijra/unnamed%20%283%29.webp,https://serverturizm.com.tr/my-images/Hotels/Nusk%20al%20hijra/unnamed%20%284%29.webp,https://serverturizm.com.tr/my-images/Hotels/Nusk%20al%20hijra/unnamed%20%285%29.webp,https://serverturizm.com.tr/my-images/Hotels/Nusk%20al%20hijra/unnamed%20%286%29.webp,https://serverturizm.com.tr/my-images/Hotels/Nusk%20al%20hijra/unnamed%20%287%29.webp,https://serverturizm.com.tr/my-images/Hotels/Nusk%20al%20hijra/unnamed%20%288%29.webp,https://serverturizm.com.tr/my-images/Hotels/Nusk%20al%20hijra/unnamed%20%289%29.webp,https://serverturizm.com.tr/my-images/Hotels/Nusk%20al%20hijra/unnamed.webp","https://www.google.com/maps/embed?pb=!1m18!1m12!1m3!1d4463.837574712378!2d39.609744199999994!3d24.4647749!2m3!1f0!2f0!3f0!3m2!1i1024!2i768!4f13.1!3m3!1m2!1s0x15bdbf4836aa296f%3A0x4fa3cacddcb622a9!2z2YHZhtiv2YIg2YbYs9mDINin2YTZh9is2LHYqSBOdXNrIEFsSGlqcmEgSG90ZWw!5e1!3m2!1sen!2str!4v1769763531907!5m2!1sen!2str"" width=""600"" height=""450"" style=""border:0;"" allowfullscreen="""" loading=""lazy"" referrerpolicy=""no-referrer-when-downgrade",Makarem Umm Al Qura Hotel,"https://serverturizm.com.tr/my-images/Hotels/Makarem%20Umm%20Al%20Qura%20Hotel/unnamed%20%281%29.webp,https://serverturizm.com.tr/my-images/Hotels/Makarem%20Umm%20Al%20Qura%20Hotel/unnamed%20%2810%29.webp,https://serverturizm.com.tr/my-images/Hotels/Makarem%20Umm%20Al%20Qura%20Hotel/unnamed%20%282%29.webp,https://serverturizm.com.tr/my-images/Hotels/Makarem%20Umm%20Al%20Qura%20Hotel/unnamed%20%283%29.webp,https://serverturizm.com.tr/my-images/Hotels/Makarem%20Umm%20Al%20Qura%20Hotel/unnamed%20%284%29.webp,https://serverturizm.com.tr/my-images/Hotels/Makarem%20Umm%20Al%20Qura%20Hotel/unnamed%20%285%29.webp,https://serverturizm.com.tr/my-images/Hotels/Makarem%20Umm%20Al%20Qura%20Hotel/unnamed%20%286%29.webp,https://serverturizm.com.tr/my-images/Hotels/Makarem%20Umm%20Al%20Qura%20Hotel/unnamed%20%287%29.webp,https://serverturizm.com.tr/my-images/Hotels/Makarem%20Umm%20Al%20Qura%20Hotel/unnamed%20%288%29.webp,https://serverturizm.com.tr/my-images/Hotels/Makarem%20Umm%20Al%20Qura%20Hotel/unnamed.webp","https://www.google.com/maps/embed?pb=!1m18!1m12!1m3!1d4565.966757268585!2d39.8307328!3d21.4023114!2m3!1f0!2f0!3f0!3m2!1i1024!2i768!4f13.1!3m3!1m2!1s0x15c204dbc1d086d9%3A0xe768cbc6e06ede7!2sMakarem%20Um%20Al%20Qura%20Hotel!5e1!3m2!1sen!2str!4v1769763486944!5m2!1sen!2str"" width=""600"" height=""450"" style=""border:0;"" allowfullscreen="""" loading=""lazy"" referrerpolicy=""no-referrer-when-downgrade",1.350$,1.300$,1.250$,"0-2 Yaş: 650$
2-6 Yaş: 950$
6-11 Yaş: 1100$
ÇOCUK ÜCRETLERİNE YATAK DAHİL DEĞİLDİR 
Çocuklar için yatak talep edilmesi halinde, çocuk ücreti yetişkin fiyatından 100 USD daha düşük olarak uygulanacaktır.","YAKIN SERVISLI
SABAH VE AKŞAM YEMEKLİ
TÜM ÇEVRE ZİYARETLERİ VE GEZİLER
DİNİ İRŞAD HİZMETLERİ FİYATA DAHİLDİR",90 530 201 52 84,,FALSE,FALSE,,,,,https://www.serverturizm.com.tr/wp-content/uploads/2026/04/13.png,"https://www.serverturizm.com.tr/wp-content/uploads/2026/04/10806-scaled.png,https://www.serverturizm.com.tr/wp-content/uploads/2026/04/IATA2-01-scaled.png,https://www.serverturizm.com.tr/wp-content/uploads/2026/04/10803-01-scaled-e1776760368295.png"
23,227,Eko, EKONOMİK UMRE PROGRAMI,"Ekim 8, 2026",23 gün 11 saat,08.10.2026,,11.10.2026,21.10.2026,"13 Gece 14 Gün
3 Gece Medine, 10 Gece Mekke",,,,,Nusk AlHijra Hotel,"https://serverturizm.com.tr/my-images/Hotels/Nusk%20al%20hijra/unnamed%20%281%29.webp,https://serverturizm.com.tr/my-images/Hotels/Nusk%20al%20hijra/unnamed%20%282%29.webp,https://serverturizm.com.tr/my-images/Hotels/Nusk%20al%20hijra/unnamed%20%283%29.webp,https://serverturizm.com.tr/my-images/Hotels/Nusk%20al%20hijra/unnamed%20%284%29.webp,https://serverturizm.com.tr/my-images/Hotels/Nusk%20al%20hijra/unnamed%20%285%29.webp,https://serverturizm.com.tr/my-images/Hotels/Nusk%20al%20hijra/unnamed%20%286%29.webp,https://serverturizm.com.tr/my-images/Hotels/Nusk%20al%20hijra/unnamed%20%287%29.webp,https://serverturizm.com.tr/my-images/Hotels/Nusk%20al%20hijra/unnamed%20%288%29.webp,https://serverturizm.com.tr/my-images/Hotels/Nusk%20al%20hijra/unnamed%20%289%29.webp,https://serverturizm.com.tr/my-images/Hotels/Nusk%20al%20hijra/unnamed.webp","https://www.google.com/maps/embed?pb=!1m18!1m12!1m3!1d4463.837574712378!2d39.609744199999994!3d24.4647749!2m3!1f0!2f0!3f0!3m2!1i1024!2i768!4f13.1!3m3!1m2!1s0x15bdbf4836aa296f%3A0x4fa3cacddcb622a9!2z2YHZhtiv2YIg2YbYs9mDINin2YTZh9is2LHYqSBOdXNrIEFsSGlqcmEgSG90ZWw!5e1!3m2!1sen!2str!4v1769763531907!5m2!1sen!2str"" width=""600"" height=""450"" style=""border:0;"" allowfullscreen="""" loading=""lazy"" referrerpolicy=""no-referrer-when-downgrade",Makarem Umm Al Qura Hotel,"https://serverturizm.com.tr/my-images/Hotels/Makarem%20Umm%20Al%20Qura%20Hotel/unnamed%20%281%29.webp,https://serverturizm.com.tr/my-images/Hotels/Makarem%20Umm%20Al%20Qura%20Hotel/unnamed%20%2810%29.webp,https://serverturizm.com.tr/my-images/Hotels/Makarem%20Umm%20Al%20Qura%20Hotel/unnamed%20%282%29.webp,https://serverturizm.com.tr/my-images/Hotels/Makarem%20Umm%20Al%20Qura%20Hotel/unnamed%20%283%29.webp,https://serverturizm.com.tr/my-images/Hotels/Makarem%20Umm%20Al%20Qura%20Hotel/unnamed%20%284%29.webp,https://serverturizm.com.tr/my-images/Hotels/Makarem%20Umm%20Al%20Qura%20Hotel/unnamed%20%285%29.webp,https://serverturizm.com.tr/my-images/Hotels/Makarem%20Umm%20Al%20Qura%20Hotel/unnamed%20%286%29.webp,https://serverturizm.com.tr/my-images/Hotels/Makarem%20Umm%20Al%20Qura%20Hotel/unnamed%20%287%29.webp,https://serverturizm.com.tr/my-images/Hotels/Makarem%20Umm%20Al%20Qura%20Hotel/unnamed%20%288%29.webp,https://serverturizm.com.tr/my-images/Hotels/Makarem%20Umm%20Al%20Qura%20Hotel/unnamed.webp","https://www.google.com/maps/embed?pb=!1m18!1m12!1m3!1d4565.966757268585!2d39.8307328!3d21.4023114!2m3!1f0!2f0!3f0!3m2!1i1024!2i768!4f13.1!3m3!1m2!1s0x15c204dbc1d086d9%3A0xe768cbc6e06ede7!2sMakarem%20Um%20Al%20Qura%20Hotel!5e1!3m2!1sen!2str!4v1769763486944!5m2!1sen!2str"" width=""600"" height=""450"" style=""border:0;"" allowfullscreen="""" loading=""lazy"" referrerpolicy=""no-referrer-when-downgrade",1.450$,1.400$,1.350$,"0-2 Yaş: 650$
2-6 Yaş: 950$
6-11 Yaş: 1100$
ÇOCUK ÜCRETLERİNE YATAK DAHİL DEĞİLDİR 
Çocuklar için yatak talep edilmesi halinde, çocuk ücreti yetişkin fiyatından 100 USD daha düşük olarak uygulanacaktır.","YAKIN SERVISLI
SABAH VE AKŞAM YEMEKLİ
TÜM ÇEVRE ZİYARETLERİ VE GEZİLER
DİNİ İRŞAD HİZMETLERİ FİYATA DAHİLDİR",90 530 201 52 84,,FALSE,FALSE,,,,,https://www.serverturizm.com.tr/wp-content/uploads/2026/04/13.png,"https://www.serverturizm.com.tr/wp-content/uploads/2026/04/10806-scaled.png,https://www.serverturizm.com.tr/wp-content/uploads/2026/04/IATA2-01-scaled.png,https://www.serverturizm.com.tr/wp-content/uploads/2026/04/10803-01-scaled-e1776760368295.png"
24,228,Lüks, LÜKS UMRE PROGRAMI,"Ekim 29, 2026",1 ay 14 gün 11 saat,29.10.2026,,01.11.2026,07.11.2026,"9 Gece 10 Gün
3 Gece Medine, 6 Gece Mekke",,,,,Mias Al Madina Hotel,"https://serverturizm.com.tr/my-images/Hotels/Mias%20Al%20Madina%20Hotel/unnamed%20%281%29.webp,https://serverturizm.com.tr/my-images/Hotels/Mias%20Al%20Madina%20Hotel/unnamed%20%282%29.webp,https://serverturizm.com.tr/my-images/Hotels/Mias%20Al%20Madina%20Hotel/unnamed%20%283%29.webp,https://serverturizm.com.tr/my-images/Hotels/Mias%20Al%20Madina%20Hotel/unnamed%20%284%29.webp,https://serverturizm.com.tr/my-images/Hotels/Mias%20Al%20Madina%20Hotel/unnamed%20%285%29.webp,https://serverturizm.com.tr/my-images/Hotels/Mias%20Al%20Madina%20Hotel/unnamed%20%286%29.webp,https://serverturizm.com.tr/my-images/Hotels/Mias%20Al%20Madina%20Hotel/unnamed%20%287%29.webp,https://serverturizm.com.tr/my-images/Hotels/Mias%20Al%20Madina%20Hotel/unnamed%20%288%29.webp,https://serverturizm.com.tr/my-images/Hotels/Mias%20Al%20Madina%20Hotel/unnamed%20%289%29.webp,https://serverturizm.com.tr/my-images/Hotels/Mias%20Al%20Madina%20Hotel/unnamed.webp","https://www.google.com/maps/embed?pb=!1m18!1m12!1m3!1d4463.7321381089405!2d39.605854!3d24.4677492!2m3!1f0!2f0!3f0!3m2!1i1024!2i768!4f13.1!3m3!1m2!1s0x15bdbf9fe67ab795%3A0x9e49c8267255373e!2sMIAS%20HOTEL!5e1!3m2!1sen!2str!4v1769763447078!5m2!1sen!2str"" width=""600"" height=""450"" style=""border:0;"" allowfullscreen="""" loading=""lazy"" referrerpolicy=""no-referrer-when-downgrade",Dar Al Ghufran Safwah Tower Hotel,"https://serverturizm.com.tr/my-images/Hotels/Dar%20Al%20Ghufran%20Safwah%20Tower%20Hotel/unnamed%20%281%29.webp,https://serverturizm.com.tr/my-images/Hotels/Dar%20Al%20Ghufran%20Safwah%20Tower%20Hotel/unnamed%20%2810%29.webp,https://serverturizm.com.tr/my-images/Hotels/Dar%20Al%20Ghufran%20Safwah%20Tower%20Hotel/unnamed%20%282%29.webp,https://serverturizm.com.tr/my-images/Hotels/Dar%20Al%20Ghufran%20Safwah%20Tower%20Hotel/unnamed%20%283%29.webp,https://serverturizm.com.tr/my-images/Hotels/Dar%20Al%20Ghufran%20Safwah%20Tower%20Hotel/unnamed%20%284%29.webp,https://serverturizm.com.tr/my-images/Hotels/Dar%20Al%20Ghufran%20Safwah%20Tower%20Hotel/unnamed%20%285%29.webp,https://serverturizm.com.tr/my-images/Hotels/Dar%20Al%20Ghufran%20Safwah%20Tower%20Hotel/unnamed%20%286%29.webp,https://serverturizm.com.tr/my-images/Hotels/Dar%20Al%20Ghufran%20Safwah%20Tower%20Hotel/unnamed%20%287%29.webp,https://serverturizm.com.tr/my-images/Hotels/Dar%20Al%20Ghufran%20Safwah%20Tower%20Hotel/unnamed%20%288%29.webp,https://serverturizm.com.tr/my-images/Hotels/Dar%20Al%20Ghufran%20Safwah%20Tower%20Hotel/unnamed.webp","https://www.google.com/maps/embed?pb=!1m18!1m12!1m3!1d4565.437648208185!2d39.8267641!3d21.419245!2m3!1f0!2f0!3f0!3m2!1i1024!2i768!4f13.1!3m3!1m2!1s0x15c204b788a061a9%3A0xb96dbf35d751c4ae!2sAl%20Ghufran%20Safwah%20Hotel%20Makkah!5e1!3m2!1sen!2str!4v1769763390910!5m2!1sen!2str"" width=""600"" height=""450"" style=""border:0;"" allowfullscreen="""" loading=""lazy"" referrerpolicy=""no-referrer-when-downgrade""",2.450$,2.400$,2.350$,"0-2 Yaş: 700$
2-6 Yaş: 1000$
6-11 Yaş: 1200$
ÇOCUK ÜCRETLERİNE YATAK DAHİL DEĞİLDİR 
Çocuklar için yatak talep edilmesi halinde, çocuk ücreti yetişkin fiyatından 100 USD daha düşük olarak uygulanacaktır.","AÇIK BÜFE
SABAH VE AKŞAM YEMEKLİ
TÜM ÇEVRE ZİYARETLERİ VE GEZİLER
DİNİ İRŞAD HİZMETLERİ FİYATA DAHİLDİR",90 530 201 52 84,,FALSE,FALSE,,,,,https://www.serverturizm.com.tr/wp-content/uploads/2026/04/13.png,"https://www.serverturizm.com.tr/wp-content/uploads/2026/04/10806-scaled.png,https://www.serverturizm.com.tr/wp-content/uploads/2026/04/IATA2-01-scaled.png,https://www.serverturizm.com.tr/wp-content/uploads/2026/04/10803-01-scaled-e1776760368295.png"
25,229,Eko, EKONOMİK UMRE PROGRAMI,"Ekim 29, 2026",1 ay 14 gün 11 saat,29.10.2026,,01.11.2026,07.11.2026,"9 Gece 10 Gün
3 Gece Medine, 6 Gece Mekke",,,,,Nusk AlHijra Hotel,"https://serverturizm.com.tr/my-images/Hotels/Nusk%20al%20hijra/unnamed%20%281%29.webp,https://serverturizm.com.tr/my-images/Hotels/Nusk%20al%20hijra/unnamed%20%282%29.webp,https://serverturizm.com.tr/my-images/Hotels/Nusk%20al%20hijra/unnamed%20%283%29.webp,https://serverturizm.com.tr/my-images/Hotels/Nusk%20al%20hijra/unnamed%20%284%29.webp,https://serverturizm.com.tr/my-images/Hotels/Nusk%20al%20hijra/unnamed%20%285%29.webp,https://serverturizm.com.tr/my-images/Hotels/Nusk%20al%20hijra/unnamed%20%286%29.webp,https://serverturizm.com.tr/my-images/Hotels/Nusk%20al%20hijra/unnamed%20%287%29.webp,https://serverturizm.com.tr/my-images/Hotels/Nusk%20al%20hijra/unnamed%20%288%29.webp,https://serverturizm.com.tr/my-images/Hotels/Nusk%20al%20hijra/unnamed%20%289%29.webp,https://serverturizm.com.tr/my-images/Hotels/Nusk%20al%20hijra/unnamed.webp","https://www.google.com/maps/embed?pb=!1m18!1m12!1m3!1d4463.837574712378!2d39.609744199999994!3d24.4647749!2m3!1f0!2f0!3f0!3m2!1i1024!2i768!4f13.1!3m3!1m2!1s0x15bdbf4836aa296f%3A0x4fa3cacddcb622a9!2z2YHZhtiv2YIg2YbYs9mDINin2YTZh9is2LHYqSBOdXNrIEFsSGlqcmEgSG90ZWw!5e1!3m2!1sen!2str!4v1769763531907!5m2!1sen!2str"" width=""600"" height=""450"" style=""border:0;"" allowfullscreen="""" loading=""lazy"" referrerpolicy=""no-referrer-when-downgrade",Makarem Umm Al Qura Hotel,"https://serverturizm.com.tr/my-images/Hotels/Makarem%20Umm%20Al%20Qura%20Hotel/unnamed%20%281%29.webp,https://serverturizm.com.tr/my-images/Hotels/Makarem%20Umm%20Al%20Qura%20Hotel/unnamed%20%2810%29.webp,https://serverturizm.com.tr/my-images/Hotels/Makarem%20Umm%20Al%20Qura%20Hotel/unnamed%20%282%29.webp,https://serverturizm.com.tr/my-images/Hotels/Makarem%20Umm%20Al%20Qura%20Hotel/unnamed%20%283%29.webp,https://serverturizm.com.tr/my-images/Hotels/Makarem%20Umm%20Al%20Qura%20Hotel/unnamed%20%284%29.webp,https://serverturizm.com.tr/my-images/Hotels/Makarem%20Umm%20Al%20Qura%20Hotel/unnamed%20%285%29.webp,https://serverturizm.com.tr/my-images/Hotels/Makarem%20Umm%20Al%20Qura%20Hotel/unnamed%20%286%29.webp,https://serverturizm.com.tr/my-images/Hotels/Makarem%20Umm%20Al%20Qura%20Hotel/unnamed%20%287%29.webp,https://serverturizm.com.tr/my-images/Hotels/Makarem%20Umm%20Al%20Qura%20Hotel/unnamed%20%288%29.webp,https://serverturizm.com.tr/my-images/Hotels/Makarem%20Umm%20Al%20Qura%20Hotel/unnamed.webp","https://www.google.com/maps/embed?pb=!1m18!1m12!1m3!1d4565.966757268585!2d39.8307328!3d21.4023114!2m3!1f0!2f0!3f0!3m2!1i1024!2i768!4f13.1!3m3!1m2!1s0x15c204dbc1d086d9%3A0xe768cbc6e06ede7!2sMakarem%20Um%20Al%20Qura%20Hotel!5e1!3m2!1sen!2str!4v1769763486944!5m2!1sen!2str"" width=""600"" height=""450"" style=""border:0;"" allowfullscreen="""" loading=""lazy"" referrerpolicy=""no-referrer-when-downgrade",1.350$,1.300$,1.250$,"0-2 Yaş: 650$
2-6 Yaş: 950$
6-11 Yaş: 1100$
ÇOCUK ÜCRETLERİNE YATAK DAHİL DEĞİLDİR 
Çocuklar için yatak talep edilmesi halinde, çocuk ücreti yetişkin fiyatından 100 USD daha düşük olarak uygulanacaktır.","YAKIN SERVISLI
SABAH VE AKŞAM YEMEKLİ
TÜM ÇEVRE ZİYARETLERİ VE GEZİLER
DİNİ İRŞAD HİZMETLERİ FİYATA DAHİLDİR",90 530 201 52 84,,FALSE,FALSE,,,,,https://www.serverturizm.com.tr/wp-content/uploads/2026/04/13.png,"https://www.serverturizm.com.tr/wp-content/uploads/2026/04/10806-scaled.png,https://www.serverturizm.com.tr/wp-content/uploads/2026/04/IATA2-01-scaled.png,https://www.serverturizm.com.tr/wp-content/uploads/2026/04/10803-01-scaled-e1776760368295.png"
26,230,Eko, EKONOMİK UMRE PROGRAMI,"Ekim 29, 2026",1 ay 14 gün 11 saat,29.10.2026,,01.11.2026,11.11.2026,"13 Gece 14 Gün
3 Gece Medine, 10 Gece Mekke",,,,,Nusk AlHijra Hotel,"https://serverturizm.com.tr/my-images/Hotels/Nusk%20al%20hijra/unnamed%20%281%29.webp,https://serverturizm.com.tr/my-images/Hotels/Nusk%20al%20hijra/unnamed%20%282%29.webp,https://serverturizm.com.tr/my-images/Hotels/Nusk%20al%20hijra/unnamed%20%283%29.webp,https://serverturizm.com.tr/my-images/Hotels/Nusk%20al%20hijra/unnamed%20%284%29.webp,https://serverturizm.com.tr/my-images/Hotels/Nusk%20al%20hijra/unnamed%20%285%29.webp,https://serverturizm.com.tr/my-images/Hotels/Nusk%20al%20hijra/unnamed%20%286%29.webp,https://serverturizm.com.tr/my-images/Hotels/Nusk%20al%20hijra/unnamed%20%287%29.webp,https://serverturizm.com.tr/my-images/Hotels/Nusk%20al%20hijra/unnamed%20%288%29.webp,https://serverturizm.com.tr/my-images/Hotels/Nusk%20al%20hijra/unnamed%20%289%29.webp,https://serverturizm.com.tr/my-images/Hotels/Nusk%20al%20hijra/unnamed.webp","https://www.google.com/maps/embed?pb=!1m18!1m12!1m3!1d4463.837574712378!2d39.609744199999994!3d24.4647749!2m3!1f0!2f0!3f0!3m2!1i1024!2i768!4f13.1!3m3!1m2!1s0x15bdbf4836aa296f%3A0x4fa3cacddcb622a9!2z2YHZhtiv2YIg2YbYs9mDINin2YTZh9is2LHYqSBOdXNrIEFsSGlqcmEgSG90ZWw!5e1!3m2!1sen!2str!4v1769763531907!5m2!1sen!2str"" width=""600"" height=""450"" style=""border:0;"" allowfullscreen="""" loading=""lazy"" referrerpolicy=""no-referrer-when-downgrade",Makarem Umm Al Qura Hotel,"https://serverturizm.com.tr/my-images/Hotels/Makarem%20Umm%20Al%20Qura%20Hotel/unnamed%20%281%29.webp,https://serverturizm.com.tr/my-images/Hotels/Makarem%20Umm%20Al%20Qura%20Hotel/unnamed%20%2810%29.webp,https://serverturizm.com.tr/my-images/Hotels/Makarem%20Umm%20Al%20Qura%20Hotel/unnamed%20%282%29.webp,https://serverturizm.com.tr/my-images/Hotels/Makarem%20Umm%20Al%20Qura%20Hotel/unnamed%20%283%29.webp,https://serverturizm.com.tr/my-images/Hotels/Makarem%20Umm%20Al%20Qura%20Hotel/unnamed%20%284%29.webp,https://serverturizm.com.tr/my-images/Hotels/Makarem%20Umm%20Al%20Qura%20Hotel/unnamed%20%285%29.webp,https://serverturizm.com.tr/my-images/Hotels/Makarem%20Umm%20Al%20Qura%20Hotel/unnamed%20%286%29.webp,https://serverturizm.com.tr/my-images/Hotels/Makarem%20Umm%20Al%20Qura%20Hotel/unnamed%20%287%29.webp,https://serverturizm.com.tr/my-images/Hotels/Makarem%20Umm%20Al%20Qura%20Hotel/unnamed%20%288%29.webp,https://serverturizm.com.tr/my-images/Hotels/Makarem%20Umm%20Al%20Qura%20Hotel/unnamed.webp","https://www.google.com/maps/embed?pb=!1m18!1m12!1m3!1d4565.966757268585!2d39.8307328!3d21.4023114!2m3!1f0!2f0!3f0!3m2!1i1024!2i768!4f13.1!3m3!1m2!1s0x15c204dbc1d086d9%3A0xe768cbc6e06ede7!2sMakarem%20Um%20Al%20Qura%20Hotel!5e1!3m2!1sen!2str!4v1769763486944!5m2!1sen!2str"" width=""600"" height=""450"" style=""border:0;"" allowfullscreen="""" loading=""lazy"" referrerpolicy=""no-referrer-when-downgrade",1.450$,1.400$,1.350$,"0-2 Yaş: 650$
2-6 Yaş: 950$
6-11 Yaş: 1100$
ÇOCUK ÜCRETLERİNE YATAK DAHİL DEĞİLDİR 
Çocuklar için yatak talep edilmesi halinde, çocuk ücreti yetişkin fiyatından 100 USD daha düşük olarak uygulanacaktır.","YAKIN SERVISLI
SABAH VE AKŞAM YEMEKLİ
TÜM ÇEVRE ZİYARETLERİ VE GEZİLER
DİNİ İRŞAD HİZMETLERİ FİYATA DAHİLDİR",90 530 201 52 84,,FALSE,FALSE,,,,,https://www.serverturizm.com.tr/wp-content/uploads/2026/04/13.png,"https://www.serverturizm.com.tr/wp-content/uploads/2026/04/10806-scaled.png,https://www.serverturizm.com.tr/wp-content/uploads/2026/04/IATA2-01-scaled.png,https://www.serverturizm.com.tr/wp-content/uploads/2026/04/10803-01-scaled-e1776760368295.png"
27,Kahire4,Eko,MISIR BAĞLANTILI UMRE PROGRAMI,"Kasım 12, 2026",1 ay 28 gün 11 saat,12.11.2026,15.11.2026,22.11.2026,25.11.2026,"13 Gece 14 Gün
3 Gece Kahire, 7 Gece Mekke, 3 Gece Medine",Kahire,Azal Pyramids Hotel,"https://serverturizm.com.tr/my-images/Hotels/azal%20pyramids%20hotel/unnamed%20%281%29.webp,https://serverturizm.com.tr/my-images/Hotels/azal%20pyramids%20hotel/unnamed%20%282%29.webp,https://serverturizm.com.tr/my-images/Hotels/azal%20pyramids%20hotel/unnamed%20%283%29.webp,https://serverturizm.com.tr/my-images/Hotels/azal%20pyramids%20hotel/unnamed%20%284%29.webp,https://serverturizm.com.tr/my-images/Hotels/azal%20pyramids%20hotel/unnamed%20%285%29.webp,https://serverturizm.com.tr/my-images/Hotels/azal%20pyramids%20hotel/unnamed%20%286%29.webp,https://serverturizm.com.tr/my-images/Hotels/azal%20pyramids%20hotel/unnamed%20%287%29.webp,https://serverturizm.com.tr/my-images/Hotels/azal%20pyramids%20hotel/unnamed%20%288%29.webp,https://serverturizm.com.tr/my-images/Hotels/azal%20pyramids%20hotel/unnamed%20%289%29.webp,https://serverturizm.com.tr/my-images/Hotels/azal%20pyramids%20hotel/unnamed.webp","https://www.google.com/maps/embed?pb=!1m18!1m12!1m3!1d3455.2941233577626!2d31.171814611131047!3d29.99970987484171!2m3!1f0!2f0!3f0!3m2!1i1024!2i768!4f13.1!3m3!1m2!1s0x14584679b0499b71%3A0x9ff8267cefc4eca0!2sAzal%20Pyramids%20Hotel!5e0!3m2!1sen!2str!4v1776782713932!5m2!1sen!2str"" width=""600"" height=""450"" style=""border:0;"" allowfullscreen="""" loading=""lazy"" referrerpolicy=""no-referrer-when-downgrade",Grand Al shahba Hotel Madinah,"https://serverturizm.com.tr/my-images/Hotels/Grand%20Al%20shahba%20Hotel%20Madinah/unnamed%20%281%29.webp,https://serverturizm.com.tr/my-images/Hotels/Grand%20Al%20shahba%20Hotel%20Madinah/unnamed%20%282%29.webp,https://serverturizm.com.tr/my-images/Hotels/Grand%20Al%20shahba%20Hotel%20Madinah/unnamed%20%283%29.webp,https://serverturizm.com.tr/my-images/Hotels/Grand%20Al%20shahba%20Hotel%20Madinah/unnamed%20%284%29.webp,https://serverturizm.com.tr/my-images/Hotels/Grand%20Al%20shahba%20Hotel%20Madinah/unnamed%20%285%29.webp,https://serverturizm.com.tr/my-images/Hotels/Grand%20Al%20shahba%20Hotel%20Madinah/unnamed%20%286%29.webp,https://serverturizm.com.tr/my-images/Hotels/Grand%20Al%20shahba%20Hotel%20Madinah/unnamed%20%287%29.webp,https://serverturizm.com.tr/my-images/Hotels/Grand%20Al%20shahba%20Hotel%20Madinah/unnamed%20%288%29.webp,https://serverturizm.com.tr/my-images/Hotels/Grand%20Al%20shahba%20Hotel%20Madinah/unnamed%20%289%29.webp,https://serverturizm.com.tr/my-images/Hotels/Grand%20Al%20shahba%20Hotel%20Madinah/unnamed.webp","https://www.google.com/maps/embed?pb=!1m18!1m12!1m3!1d7476.077003125505!2d39.609760309577304!3d24.46383063464214!2m3!1f0!2f0!3f0!3m2!1i1024!2i768!4f13.1!3m3!1m2!1s0x15bdbf7358170837%3A0x49d4da3051fc645e!2sGrand%20Al%20Shahba%20Hotel!5e0!3m2!1sen!2str!4v1775496770755!5m2!1sen!2str"" width=""600"" height=""450"" style=""border:0;"" allowfullscreen="""" loading=""lazy"" referrerpolicy=""no-referrer-when-downgrade""",Makarem Umm Al Qura Hotel,"https://serverturizm.com.tr/my-images/Hotels/Makarem%20Umm%20Al%20Qura%20Hotel/unnamed%20%281%29.webp,https://serverturizm.com.tr/my-images/Hotels/Makarem%20Umm%20Al%20Qura%20Hotel/unnamed%20%2810%29.webp,https://serverturizm.com.tr/my-images/Hotels/Makarem%20Umm%20Al%20Qura%20Hotel/unnamed%20%282%29.webp,https://serverturizm.com.tr/my-images/Hotels/Makarem%20Umm%20Al%20Qura%20Hotel/unnamed%20%283%29.webp,https://serverturizm.com.tr/my-images/Hotels/Makarem%20Umm%20Al%20Qura%20Hotel/unnamed%20%284%29.webp,https://serverturizm.com.tr/my-images/Hotels/Makarem%20Umm%20Al%20Qura%20Hotel/unnamed%20%285%29.webp,https://serverturizm.com.tr/my-images/Hotels/Makarem%20Umm%20Al%20Qura%20Hotel/unnamed%20%286%29.webp,https://serverturizm.com.tr/my-images/Hotels/Makarem%20Umm%20Al%20Qura%20Hotel/unnamed%20%287%29.webp,https://serverturizm.com.tr/my-images/Hotels/Makarem%20Umm%20Al%20Qura%20Hotel/unnamed%20%288%29.webp,https://serverturizm.com.tr/my-images/Hotels/Makarem%20Umm%20Al%20Qura%20Hotel/unnamed.webp","https://www.google.com/maps/embed?pb=!1m18!1m12!1m3!1d4565.966757268585!2d39.8307328!3d21.4023114!2m3!1f0!2f0!3f0!3m2!1i1024!2i768!4f13.1!3m3!1m2!1s0x15c204dbc1d086d9%3A0xe768cbc6e06ede7!2sMakarem%20Um%20Al%20Qura%20Hotel!5e1!3m2!1sen!2str!4v1769763486944!5m2!1sen!2str"" width=""600"" height=""450"" style=""border:0;"" allowfullscreen="""" loading=""lazy"" referrerpolicy=""no-referrer-when-downgrade",1.650$,1.550$,1.500$,"0-2 Yaş: 650$
2-6 Yaş: 950$
6-11 Yaş: 1100$
ÇOCUK ÜCRETLERİNE YATAK DAHİL DEĞİLDİR 
Çocuklar için yatak talep edilmesi halinde, çocuk ücreti yetişkin fiyatından 100 USD daha düşük olarak uygulanacaktır.","YAKIN SERVISLI
SABAH VE AKŞAM YEMEKLİ
TÜM ÇEVRE ZİYARETLERİ VE GEZİLER
DİNİ İRŞAD HİZMETLERİ FİYATA DAHİLDİR",90 530 201 52 84,,FALSE,FALSE,,,,,https://www.serverturizm.com.tr/wp-content/uploads/2026/05/76777-e1777894123374.png,"https://www.serverturizm.com.tr/wp-content/uploads/2026/04/10806-scaled.png,https://www.serverturizm.com.tr/wp-content/uploads/2026/04/IATA2-01-scaled.png,https://www.serverturizm.com.tr/wp-content/uploads/2026/04/10803-01-scaled-e1776760368295.png"
28,Özel,Eko,ZEKERYA KURT HOCA UMRE PROGRAMI,"Kasım 13, 2026",1 ay 29 gün 11 saat,13.11.2026,,23.11.2026,26.11.2026,"13 Gece 14 Gün
10 Gece Mekke, 3 Gece Medine",,,,,Nusk AlHijra Hotel,"https://serverturizm.com.tr/my-images/Hotels/Nusk%20al%20hijra/unnamed%20%281%29.webp,https://serverturizm.com.tr/my-images/Hotels/Nusk%20al%20hijra/unnamed%20%282%29.webp,https://serverturizm.com.tr/my-images/Hotels/Nusk%20al%20hijra/unnamed%20%283%29.webp,https://serverturizm.com.tr/my-images/Hotels/Nusk%20al%20hijra/unnamed%20%284%29.webp,https://serverturizm.com.tr/my-images/Hotels/Nusk%20al%20hijra/unnamed%20%285%29.webp,https://serverturizm.com.tr/my-images/Hotels/Nusk%20al%20hijra/unnamed%20%286%29.webp,https://serverturizm.com.tr/my-images/Hotels/Nusk%20al%20hijra/unnamed%20%287%29.webp,https://serverturizm.com.tr/my-images/Hotels/Nusk%20al%20hijra/unnamed%20%288%29.webp,https://serverturizm.com.tr/my-images/Hotels/Nusk%20al%20hijra/unnamed%20%289%29.webp,https://serverturizm.com.tr/my-images/Hotels/Nusk%20al%20hijra/unnamed.webp","https://www.google.com/maps/embed?pb=!1m18!1m12!1m3!1d4463.837574712378!2d39.609744199999994!3d24.4647749!2m3!1f0!2f0!3f0!3m2!1i1024!2i768!4f13.1!3m3!1m2!1s0x15bdbf4836aa296f%3A0x4fa3cacddcb622a9!2z2YHZhtiv2YIg2YbYs9mDINin2YTZh9is2LHYqSBOdXNrIEFsSGlqcmEgSG90ZWw!5e1!3m2!1sen!2str!4v1769763531907!5m2!1sen!2str"" width=""600"" height=""450"" style=""border:0;"" allowfullscreen="""" loading=""lazy"" referrerpolicy=""no-referrer-when-downgrade",Makarem Umm Al Qura Hotel,"https://serverturizm.com.tr/my-images/Hotels/Makarem%20Umm%20Al%20Qura%20Hotel/unnamed%20%281%29.webp,https://serverturizm.com.tr/my-images/Hotels/Makarem%20Umm%20Al%20Qura%20Hotel/unnamed%20%2810%29.webp,https://serverturizm.com.tr/my-images/Hotels/Makarem%20Umm%20Al%20Qura%20Hotel/unnamed%20%282%29.webp,https://serverturizm.com.tr/my-images/Hotels/Makarem%20Umm%20Al%20Qura%20Hotel/unnamed%20%283%29.webp,https://serverturizm.com.tr/my-images/Hotels/Makarem%20Umm%20Al%20Qura%20Hotel/unnamed%20%284%29.webp,https://serverturizm.com.tr/my-images/Hotels/Makarem%20Umm%20Al%20Qura%20Hotel/unnamed%20%285%29.webp,https://serverturizm.com.tr/my-images/Hotels/Makarem%20Umm%20Al%20Qura%20Hotel/unnamed%20%286%29.webp,https://serverturizm.com.tr/my-images/Hotels/Makarem%20Umm%20Al%20Qura%20Hotel/unnamed%20%287%29.webp,https://serverturizm.com.tr/my-images/Hotels/Makarem%20Umm%20Al%20Qura%20Hotel/unnamed%20%288%29.webp,https://serverturizm.com.tr/my-images/Hotels/Makarem%20Umm%20Al%20Qura%20Hotel/unnamed.webp","https://www.google.com/maps/embed?pb=!1m18!1m12!1m3!1d4565.966757268585!2d39.8307328!3d21.4023114!2m3!1f0!2f0!3f0!3m2!1i1024!2i768!4f13.1!3m3!1m2!1s0x15c204dbc1d086d9%3A0xe768cbc6e06ede7!2sMakarem%20Um%20Al%20Qura%20Hotel!5e1!3m2!1sen!2str!4v1769763486944!5m2!1sen!2str"" width=""600"" height=""450"" style=""border:0;"" allowfullscreen="""" loading=""lazy"" referrerpolicy=""no-referrer-when-downgrade",1.450$,1.400$,1.350$,"0-2 Yaş: 650$
2-6 Yaş: 950$
6-11 Yaş: 1100$
ÇOCUK ÜCRETLERİNE YATAK DAHİL DEĞİLDİR 
Çocuklar için yatak talep edilmesi halinde, çocuk ücreti yetişkin fiyatından 100 USD daha düşük olarak uygulanacaktır.","YAKIN SERVISLI
SABAH VE AKŞAM YEMEKLİ
TÜM ÇEVRE ZİYARETLERİ VE GEZİLER
DİNİ İRŞAD HİZMETLERİ FİYATA DAHİLDİR",90 530 201 52 84,,FALSE,FALSE,,,,,https://www.serverturizm.com.tr/wp-content/uploads/2026/04/13.png,"https://www.serverturizm.com.tr/wp-content/uploads/2026/04/10806-scaled.png,https://www.serverturizm.com.tr/wp-content/uploads/2026/04/IATA2-01-scaled.png,https://www.serverturizm.com.tr/wp-content/uploads/2026/04/10803-01-scaled-e1776760368295.png"
29,Özel,Lüks,Öğretmenler ile Kasım Umresi,"Kasım 14, 2026",2 ay 11 saat,14.11.2026,,18.11.2026,21.11.2026,"7 Gece 8 Gün
4 Gece Mekke, 3 Gece Medine",,,,,Mias Al Madina Hotel,"https://serverturizm.com.tr/my-images/Hotels/Mias%20Al%20Madina%20Hotel/unnamed%20%281%29.webp,https://serverturizm.com.tr/my-images/Hotels/Mias%20Al%20Madina%20Hotel/unnamed%20%282%29.webp,https://serverturizm.com.tr/my-images/Hotels/Mias%20Al%20Madina%20Hotel/unnamed%20%283%29.webp,https://serverturizm.com.tr/my-images/Hotels/Mias%20Al%20Madina%20Hotel/unnamed%20%284%29.webp,https://serverturizm.com.tr/my-images/Hotels/Mias%20Al%20Madina%20Hotel/unnamed%20%285%29.webp,https://serverturizm.com.tr/my-images/Hotels/Mias%20Al%20Madina%20Hotel/unnamed%20%286%29.webp,https://serverturizm.com.tr/my-images/Hotels/Mias%20Al%20Madina%20Hotel/unnamed%20%287%29.webp,https://serverturizm.com.tr/my-images/Hotels/Mias%20Al%20Madina%20Hotel/unnamed%20%288%29.webp,https://serverturizm.com.tr/my-images/Hotels/Mias%20Al%20Madina%20Hotel/unnamed%20%289%29.webp,https://serverturizm.com.tr/my-images/Hotels/Mias%20Al%20Madina%20Hotel/unnamed.webp","https://www.google.com/maps/embed?pb=!1m18!1m12!1m3!1d4463.7321381089405!2d39.605854!3d24.4677492!2m3!1f0!2f0!3f0!3m2!1i1024!2i768!4f13.1!3m3!1m2!1s0x15bdbf9fe67ab795%3A0x9e49c8267255373e!2sMIAS%20HOTEL!5e1!3m2!1sen!2str!4v1769763447078!5m2!1sen!2str"" width=""600"" height=""450"" style=""border:0;"" allowfullscreen="""" loading=""lazy"" referrerpolicy=""no-referrer-when-downgrade",Al Shohada Hotel,"https://serverturizm.com.tr/my-images/Hotels/al%20shohada%20hotel/unnamed%20%281%29.webp,https://serverturizm.com.tr/my-images/Hotels/al%20shohada%20hotel/unnamed%20%2810%29.webp,https://serverturizm.com.tr/my-images/Hotels/al%20shohada%20hotel/unnamed%20%282%29.webp,https://serverturizm.com.tr/my-images/Hotels/al%20shohada%20hotel/unnamed%20%283%29.webp,https://serverturizm.com.tr/my-images/Hotels/al%20shohada%20hotel/unnamed%20%284%29.webp,https://serverturizm.com.tr/my-images/Hotels/al%20shohada%20hotel/unnamed%20%285%29.webp,https://serverturizm.com.tr/my-images/Hotels/al%20shohada%20hotel/unnamed%20%286%29.webp,https://serverturizm.com.tr/my-images/Hotels/al%20shohada%20hotel/unnamed%20%287%29.webp,https://serverturizm.com.tr/my-images/Hotels/al%20shohada%20hotel/unnamed%20%288%29.webp,https://serverturizm.com.tr/my-images/Hotels/al%20shohada%20hotel/unnamed.webp","https://www.google.com/maps/embed?pb=!1m18!1m12!1m3!1d4565.568060226565!2d39.825375376061444!3d21.415072480332658!2m3!1f0!2f0!3f0!3m2!1i1024!2i768!4f13.1!3m3!1m2!1s0x15c21b5783f966c1%3A0xdbc5f34f25663055!2sAl%20Shohada%20Hotel!5e1!3m2!1sen!2str!4v1769763249085!5m2!1sen!2str"" width=""600"" height=""450"" style=""border:0;"" allowfullscreen="""" loading=""lazy"" referrerpolicy=""no-referrer-when-downgrade""",1.750$,1.700$,1.650$,"0-2 Yaş: 700$
2-6 Yaş: 1000$
6-11 Yaş: 1200$
ÇOCUK ÜCRETLERİNE YATAK DAHİL DEĞİLDİR 
Çocuklar için yatak talep edilmesi halinde, çocuk ücreti yetişkin fiyatından 100 USD daha düşük olarak uygulanacaktır.","AÇIK BÜFE
SABAH VE AKŞAM YEMEKLİ
TÜM ÇEVRE ZİYARETLERİ VE GEZİLER
DİNİ İRŞAD HİZMETLERİ FİYATA DAHİLDİR",90 530 201 52 84,,FALSE,FALSE,,,,,https://www.serverturizm.com.tr/wp-content/uploads/2026/09/WhatsApp-Image-2026-07-10-at-16.08.15.jpeg,"https://www.serverturizm.com.tr/wp-content/uploads/2026/04/10806-scaled.png,https://www.serverturizm.com.tr/wp-content/uploads/2026/04/IATA2-01-scaled.png,https://www.serverturizm.com.tr/wp-content/uploads/2026/04/10803-01-scaled-e1776760368295.png"
30,231,Lüks, LÜKS UMRE PROGRAMI,"Kasım 19, 2026",2 ay 5 gün 11 saat,19.11.2026,,22.11.2026,28.11.2026,"9 Gece 10 Gün
3 Gece Medine, 6 Gece Mekke",,,,,Mias Al Madina Hotel,"https://serverturizm.com.tr/my-images/Hotels/Mias%20Al%20Madina%20Hotel/unnamed%20%281%29.webp,https://serverturizm.com.tr/my-images/Hotels/Mias%20Al%20Madina%20Hotel/unnamed%20%282%29.webp,https://serverturizm.com.tr/my-images/Hotels/Mias%20Al%20Madina%20Hotel/unnamed%20%283%29.webp,https://serverturizm.com.tr/my-images/Hotels/Mias%20Al%20Madina%20Hotel/unnamed%20%284%29.webp,https://serverturizm.com.tr/my-images/Hotels/Mias%20Al%20Madina%20Hotel/unnamed%20%285%29.webp,https://serverturizm.com.tr/my-images/Hotels/Mias%20Al%20Madina%20Hotel/unnamed%20%286%29.webp,https://serverturizm.com.tr/my-images/Hotels/Mias%20Al%20Madina%20Hotel/unnamed%20%287%29.webp,https://serverturizm.com.tr/my-images/Hotels/Mias%20Al%20Madina%20Hotel/unnamed%20%288%29.webp,https://serverturizm.com.tr/my-images/Hotels/Mias%20Al%20Madina%20Hotel/unnamed%20%289%29.webp,https://serverturizm.com.tr/my-images/Hotels/Mias%20Al%20Madina%20Hotel/unnamed.webp","https://www.google.com/maps/embed?pb=!1m18!1m12!1m3!1d4463.7321381089405!2d39.605854!3d24.4677492!2m3!1f0!2f0!3f0!3m2!1i1024!2i768!4f13.1!3m3!1m2!1s0x15bdbf9fe67ab795%3A0x9e49c8267255373e!2sMIAS%20HOTEL!5e1!3m2!1sen!2str!4v1769763447078!5m2!1sen!2str"" width=""600"" height=""450"" style=""border:0;"" allowfullscreen="""" loading=""lazy"" referrerpolicy=""no-referrer-when-downgrade",Dar Al Ghufran Safwah Tower Hotel,"https://serverturizm.com.tr/my-images/Hotels/Dar%20Al%20Ghufran%20Safwah%20Tower%20Hotel/unnamed%20%281%29.webp,https://serverturizm.com.tr/my-images/Hotels/Dar%20Al%20Ghufran%20Safwah%20Tower%20Hotel/unnamed%20%2810%29.webp,https://serverturizm.com.tr/my-images/Hotels/Dar%20Al%20Ghufran%20Safwah%20Tower%20Hotel/unnamed%20%282%29.webp,https://serverturizm.com.tr/my-images/Hotels/Dar%20Al%20Ghufran%20Safwah%20Tower%20Hotel/unnamed%20%283%29.webp,https://serverturizm.com.tr/my-images/Hotels/Dar%20Al%20Ghufran%20Safwah%20Tower%20Hotel/unnamed%20%284%29.webp,https://serverturizm.com.tr/my-images/Hotels/Dar%20Al%20Ghufran%20Safwah%20Tower%20Hotel/unnamed%20%285%29.webp,https://serverturizm.com.tr/my-images/Hotels/Dar%20Al%20Ghufran%20Safwah%20Tower%20Hotel/unnamed%20%286%29.webp,https://serverturizm.com.tr/my-images/Hotels/Dar%20Al%20Ghufran%20Safwah%20Tower%20Hotel/unnamed%20%287%29.webp,https://serverturizm.com.tr/my-images/Hotels/Dar%20Al%20Ghufran%20Safwah%20Tower%20Hotel/unnamed%20%288%29.webp,https://serverturizm.com.tr/my-images/Hotels/Dar%20Al%20Ghufran%20Safwah%20Tower%20Hotel/unnamed.webp","https://www.google.com/maps/embed?pb=!1m18!1m12!1m3!1d4565.437648208185!2d39.8267641!3d21.419245!2m3!1f0!2f0!3f0!3m2!1i1024!2i768!4f13.1!3m3!1m2!1s0x15c204b788a061a9%3A0xb96dbf35d751c4ae!2sAl%20Ghufran%20Safwah%20Hotel%20Makkah!5e1!3m2!1sen!2str!4v1769763390910!5m2!1sen!2str"" width=""600"" height=""450"" style=""border:0;"" allowfullscreen="""" loading=""lazy"" referrerpolicy=""no-referrer-when-downgrade""",2.450$,2.400$,2.350$,"0-2 Yaş: 700$
2-6 Yaş: 1000$
6-11 Yaş: 1200$
ÇOCUK ÜCRETLERİNE YATAK DAHİL DEĞİLDİR 
Çocuklar için yatak talep edilmesi halinde, çocuk ücreti yetişkin fiyatından 100 USD daha düşük olarak uygulanacaktır.","AÇIK BÜFE
SABAH VE AKŞAM YEMEKLİ
TÜM ÇEVRE ZİYARETLERİ VE GEZİLER
DİNİ İRŞAD HİZMETLERİ FİYATA DAHİLDİR",90 530 201 52 84,,FALSE,FALSE,,,,,https://www.serverturizm.com.tr/wp-content/uploads/2026/04/13.png,"https://www.serverturizm.com.tr/wp-content/uploads/2026/04/10806-scaled.png,https://www.serverturizm.com.tr/wp-content/uploads/2026/04/IATA2-01-scaled.png,https://www.serverturizm.com.tr/wp-content/uploads/2026/04/10803-01-scaled-e1776760368295.png"
31,232,Eko, EKONOMİK UMRE PROGRAMI,"Kasım 19, 2026",2 ay 5 gün 11 saat,19.11.2026,,22.11.2026,28.11.2026,"9 Gece 10 Gün
3 Gece Medine, 6 Gece Mekke",,,,,Nusk AlHijra Hotel,"https://serverturizm.com.tr/my-images/Hotels/Nusk%20al%20hijra/unnamed%20%281%29.webp,https://serverturizm.com.tr/my-images/Hotels/Nusk%20al%20hijra/unnamed%20%282%29.webp,https://serverturizm.com.tr/my-images/Hotels/Nusk%20al%20hijra/unnamed%20%283%29.webp,https://serverturizm.com.tr/my-images/Hotels/Nusk%20al%20hijra/unnamed%20%284%29.webp,https://serverturizm.com.tr/my-images/Hotels/Nusk%20al%20hijra/unnamed%20%285%29.webp,https://serverturizm.com.tr/my-images/Hotels/Nusk%20al%20hijra/unnamed%20%286%29.webp,https://serverturizm.com.tr/my-images/Hotels/Nusk%20al%20hijra/unnamed%20%287%29.webp,https://serverturizm.com.tr/my-images/Hotels/Nusk%20al%20hijra/unnamed%20%288%29.webp,https://serverturizm.com.tr/my-images/Hotels/Nusk%20al%20hijra/unnamed%20%289%29.webp,https://serverturizm.com.tr/my-images/Hotels/Nusk%20al%20hijra/unnamed.webp","https://www.google.com/maps/embed?pb=!1m18!1m12!1m3!1d4463.837574712378!2d39.609744199999994!3d24.4647749!2m3!1f0!2f0!3f0!3m2!1i1024!2i768!4f13.1!3m3!1m2!1s0x15bdbf4836aa296f%3A0x4fa3cacddcb622a9!2z2YHZhtiv2YIg2YbYs9mDINin2YTZh9is2LHYqSBOdXNrIEFsSGlqcmEgSG90ZWw!5e1!3m2!1sen!2str!4v1769763531907!5m2!1sen!2str"" width=""600"" height=""450"" style=""border:0;"" allowfullscreen="""" loading=""lazy"" referrerpolicy=""no-referrer-when-downgrade",Makarem Umm Al Qura Hotel,"https://serverturizm.com.tr/my-images/Hotels/Makarem%20Umm%20Al%20Qura%20Hotel/unnamed%20%281%29.webp,https://serverturizm.com.tr/my-images/Hotels/Makarem%20Umm%20Al%20Qura%20Hotel/unnamed%20%2810%29.webp,https://serverturizm.com.tr/my-images/Hotels/Makarem%20Umm%20Al%20Qura%20Hotel/unnamed%20%282%29.webp,https://serverturizm.com.tr/my-images/Hotels/Makarem%20Umm%20Al%20Qura%20Hotel/unnamed%20%283%29.webp,https://serverturizm.com.tr/my-images/Hotels/Makarem%20Umm%20Al%20Qura%20Hotel/unnamed%20%284%29.webp,https://serverturizm.com.tr/my-images/Hotels/Makarem%20Umm%20Al%20Qura%20Hotel/unnamed%20%285%29.webp,https://serverturizm.com.tr/my-images/Hotels/Makarem%20Umm%20Al%20Qura%20Hotel/unnamed%20%286%29.webp,https://serverturizm.com.tr/my-images/Hotels/Makarem%20Umm%20Al%20Qura%20Hotel/unnamed%20%287%29.webp,https://serverturizm.com.tr/my-images/Hotels/Makarem%20Umm%20Al%20Qura%20Hotel/unnamed%20%288%29.webp,https://serverturizm.com.tr/my-images/Hotels/Makarem%20Umm%20Al%20Qura%20Hotel/unnamed.webp","https://www.google.com/maps/embed?pb=!1m18!1m12!1m3!1d4565.966757268585!2d39.8307328!3d21.4023114!2m3!1f0!2f0!3f0!3m2!1i1024!2i768!4f13.1!3m3!1m2!1s0x15c204dbc1d086d9%3A0xe768cbc6e06ede7!2sMakarem%20Um%20Al%20Qura%20Hotel!5e1!3m2!1sen!2str!4v1769763486944!5m2!1sen!2str"" width=""600"" height=""450"" style=""border:0;"" allowfullscreen="""" loading=""lazy"" referrerpolicy=""no-referrer-when-downgrade",1.350$,1.300$,1.250$,"0-2 Yaş: 650$
2-6 Yaş: 950$
6-11 Yaş: 1100$
ÇOCUK ÜCRETLERİNE YATAK DAHİL DEĞİLDİR 
Çocuklar için yatak talep edilmesi halinde, çocuk ücreti yetişkin fiyatından 100 USD daha düşük olarak uygulanacaktır.","YAKIN SERVISLI
SABAH VE AKŞAM YEMEKLİ
TÜM ÇEVRE ZİYARETLERİ VE GEZİLER
DİNİ İRŞAD HİZMETLERİ FİYATA DAHİLDİR",90 530 201 52 84,,FALSE,FALSE,,,,,https://www.serverturizm.com.tr/wp-content/uploads/2026/04/13.png,"https://www.serverturizm.com.tr/wp-content/uploads/2026/04/10806-scaled.png,https://www.serverturizm.com.tr/wp-content/uploads/2026/04/IATA2-01-scaled.png,https://www.serverturizm.com.tr/wp-content/uploads/2026/04/10803-01-scaled-e1776760368295.png"
32,233,Eko, EKONOMİK UMRE PROGRAMI,"Kasım 19, 2026",2 ay 5 gün 11 saat,19.11.2026,,22.11.2026,02.12.2026,"13 Gece 14 Gün
3 Gece Medine, 10 Gece Mekke",,,,,Nusk AlHijra Hotel,"https://serverturizm.com.tr/my-images/Hotels/Nusk%20al%20hijra/unnamed%20%281%29.webp,https://serverturizm.com.tr/my-images/Hotels/Nusk%20al%20hijra/unnamed%20%282%29.webp,https://serverturizm.com.tr/my-images/Hotels/Nusk%20al%20hijra/unnamed%20%283%29.webp,https://serverturizm.com.tr/my-images/Hotels/Nusk%20al%20hijra/unnamed%20%284%29.webp,https://serverturizm.com.tr/my-images/Hotels/Nusk%20al%20hijra/unnamed%20%285%29.webp,https://serverturizm.com.tr/my-images/Hotels/Nusk%20al%20hijra/unnamed%20%286%29.webp,https://serverturizm.com.tr/my-images/Hotels/Nusk%20al%20hijra/unnamed%20%287%29.webp,https://serverturizm.com.tr/my-images/Hotels/Nusk%20al%20hijra/unnamed%20%288%29.webp,https://serverturizm.com.tr/my-images/Hotels/Nusk%20al%20hijra/unnamed%20%289%29.webp,https://serverturizm.com.tr/my-images/Hotels/Nusk%20al%20hijra/unnamed.webp","https://www.google.com/maps/embed?pb=!1m18!1m12!1m3!1d4463.837574712378!2d39.609744199999994!3d24.4647749!2m3!1f0!2f0!3f0!3m2!1i1024!2i768!4f13.1!3m3!1m2!1s0x15bdbf4836aa296f%3A0x4fa3cacddcb622a9!2z2YHZhtiv2YIg2YbYs9mDINin2YTZh9is2LHYqSBOdXNrIEFsSGlqcmEgSG90ZWw!5e1!3m2!1sen!2str!4v1769763531907!5m2!1sen!2str"" width=""600"" height=""450"" style=""border:0;"" allowfullscreen="""" loading=""lazy"" referrerpolicy=""no-referrer-when-downgrade",Makarem Umm Al Qura Hotel,"https://serverturizm.com.tr/my-images/Hotels/Makarem%20Umm%20Al%20Qura%20Hotel/unnamed%20%281%29.webp,https://serverturizm.com.tr/my-images/Hotels/Makarem%20Umm%20Al%20Qura%20Hotel/unnamed%20%2810%29.webp,https://serverturizm.com.tr/my-images/Hotels/Makarem%20Umm%20Al%20Qura%20Hotel/unnamed%20%282%29.webp,https://serverturizm.com.tr/my-images/Hotels/Makarem%20Umm%20Al%20Qura%20Hotel/unnamed%20%283%29.webp,https://serverturizm.com.tr/my-images/Hotels/Makarem%20Umm%20Al%20Qura%20Hotel/unnamed%20%284%29.webp,https://serverturizm.com.tr/my-images/Hotels/Makarem%20Umm%20Al%20Qura%20Hotel/unnamed%20%285%29.webp,https://serverturizm.com.tr/my-images/Hotels/Makarem%20Umm%20Al%20Qura%20Hotel/unnamed%20%286%29.webp,https://serverturizm.com.tr/my-images/Hotels/Makarem%20Umm%20Al%20Qura%20Hotel/unnamed%20%287%29.webp,https://serverturizm.com.tr/my-images/Hotels/Makarem%20Umm%20Al%20Qura%20Hotel/unnamed%20%288%29.webp,https://serverturizm.com.tr/my-images/Hotels/Makarem%20Umm%20Al%20Qura%20Hotel/unnamed.webp","https://www.google.com/maps/embed?pb=!1m18!1m12!1m3!1d4565.966757268585!2d39.8307328!3d21.4023114!2m3!1f0!2f0!3f0!3m2!1i1024!2i768!4f13.1!3m3!1m2!1s0x15c204dbc1d086d9%3A0xe768cbc6e06ede7!2sMakarem%20Um%20Al%20Qura%20Hotel!5e1!3m2!1sen!2str!4v1769763486944!5m2!1sen!2str"" width=""600"" height=""450"" style=""border:0;"" allowfullscreen="""" loading=""lazy"" referrerpolicy=""no-referrer-when-downgrade",1.450$,1.400$,1.350$,"0-2 Yaş: 650$
2-6 Yaş: 950$
6-11 Yaş: 1100$
ÇOCUK ÜCRETLERİNE YATAK DAHİL DEĞİLDİR 
Çocuklar için yatak talep edilmesi halinde, çocuk ücreti yetişkin fiyatından 100 USD daha düşük olarak uygulanacaktır.","YAKIN SERVISLI
SABAH VE AKŞAM YEMEKLİ
TÜM ÇEVRE ZİYARETLERİ VE GEZİLER
DİNİ İRŞAD HİZMETLERİ FİYATA DAHİLDİR",90 530 201 52 84,,FALSE,FALSE,,,,,https://www.serverturizm.com.tr/wp-content/uploads/2026/04/13.png,"https://www.serverturizm.com.tr/wp-content/uploads/2026/04/10806-scaled.png,https://www.serverturizm.com.tr/wp-content/uploads/2026/04/IATA2-01-scaled.png,https://www.serverturizm.com.tr/wp-content/uploads/2026/04/10803-01-scaled-e1776760368295.png"
33,Özel,Lüks,"ÜÇLER ELEKTRİK LÜKS
 UMRE PROGRAMI","Kasım 21, 2026",2 ay 7 gün 11 saat,21.11.2026,,24.11.2026,28.11.2026,"7 Gece 8 Gün
3 Gece Medine, 4 Gece Mekke",,,,,Peninsula Worth Hotel ,"https://serverturizm.com.tr/my-images/Hotels/Peninsula%20Worth%20Hotel/unnamed%20%281%29.webp,https://serverturizm.com.tr/my-images/Hotels/Peninsula%20Worth%20Hotel/unnamed%20%282%29.webp,https://serverturizm.com.tr/my-images/Hotels/Peninsula%20Worth%20Hotel/unnamed%20%283%29.webp,https://serverturizm.com.tr/my-images/Hotels/Peninsula%20Worth%20Hotel/unnamed%20%284%29.webp,https://serverturizm.com.tr/my-images/Hotels/Peninsula%20Worth%20Hotel/unnamed%20%285%29.webp,https://serverturizm.com.tr/my-images/Hotels/Peninsula%20Worth%20Hotel/unnamed%20%286%29.webp,https://serverturizm.com.tr/my-images/Hotels/Peninsula%20Worth%20Hotel/unnamed%20%287%29.webp,https://serverturizm.com.tr/my-images/Hotels/Peninsula%20Worth%20Hotel/unnamed%20%288%29.webp,https://serverturizm.com.tr/my-images/Hotels/Peninsula%20Worth%20Hotel/unnamed%20%289%29.webp,https://serverturizm.com.tr/my-images/Hotels/Peninsula%20Worth%20Hotel/unnamed.webp","https://www.google.com/maps/embed?pb=!1m18!1m12!1m3!1d4463.52795542572!2d39.61154700000001!3d24.4735081!2m3!1f0!2f0!3f0!3m2!1i1024!2i768!4f13.1!3m3!1m2!1s0x15bdbf004072993b%3A0xff431b0bb5bb46d!2sPeninsula%20Worth%20Hotel%20Madinah!5e1!3m2!1sen!2str!4v1769763341685!5m2!1sen!2str"" width=""600"" height=""450"" style=""border:0;"" allowfullscreen="""" loading=""lazy"" referrerpolicy=""no-referrer-when-downgrade""",Dar Al Ghufran Safwah Tower Hotel,"https://serverturizm.com.tr/my-images/Hotels/Dar%20Al%20Ghufran%20Safwah%20Tower%20Hotel/unnamed%20%281%29.webp,https://serverturizm.com.tr/my-images/Hotels/Dar%20Al%20Ghufran%20Safwah%20Tower%20Hotel/unnamed%20%2810%29.webp,https://serverturizm.com.tr/my-images/Hotels/Dar%20Al%20Ghufran%20Safwah%20Tower%20Hotel/unnamed%20%282%29.webp,https://serverturizm.com.tr/my-images/Hotels/Dar%20Al%20Ghufran%20Safwah%20Tower%20Hotel/unnamed%20%283%29.webp,https://serverturizm.com.tr/my-images/Hotels/Dar%20Al%20Ghufran%20Safwah%20Tower%20Hotel/unnamed%20%284%29.webp,https://serverturizm.com.tr/my-images/Hotels/Dar%20Al%20Ghufran%20Safwah%20Tower%20Hotel/unnamed%20%285%29.webp,https://serverturizm.com.tr/my-images/Hotels/Dar%20Al%20Ghufran%20Safwah%20Tower%20Hotel/unnamed%20%286%29.webp,https://serverturizm.com.tr/my-images/Hotels/Dar%20Al%20Ghufran%20Safwah%20Tower%20Hotel/unnamed%20%287%29.webp,https://serverturizm.com.tr/my-images/Hotels/Dar%20Al%20Ghufran%20Safwah%20Tower%20Hotel/unnamed%20%288%29.webp,https://serverturizm.com.tr/my-images/Hotels/Dar%20Al%20Ghufran%20Safwah%20Tower%20Hotel/unnamed.webp","https://www.google.com/maps/embed?pb=!1m18!1m12!1m3!1d4565.437648208185!2d39.8267641!3d21.419245!2m3!1f0!2f0!3f0!3m2!1i1024!2i768!4f13.1!3m3!1m2!1s0x15c204b788a061a9%3A0xb96dbf35d751c4ae!2sAl%20Ghufran%20Safwah%20Hotel%20Makkah!5e1!3m2!1sen!2str!4v1769763390910!5m2!1sen!2str"" width=""600"" height=""450"" style=""border:0;"" allowfullscreen="""" loading=""lazy"" referrerpolicy=""no-referrer-when-downgrade""",2.200$,2.150$,2.100$,"0-2 Yaş: 700$
2-6 Yaş: 1000$
6-11 Yaş: 1200$
ÇOCUK ÜCRETLERİNE YATAK DAHİL DEĞİLDİR 
Çocuklar için yatak talep edilmesi halinde, çocuk ücreti yetişkin fiyatından 100 USD daha düşük olarak uygulanacaktır.","AÇIK BÜFE
SABAH VE AKŞAM YEMEKLİ
TÜM ÇEVRE ZİYARETLERİ VE GEZİLER
DİNİ İRŞAD HİZMETLERİ FİYATA DAHİLDİR",90 530 201 52 84,0,TRUE,FALSE,,,,,https://www.serverturizm.com.tr/wp-content/uploads/2026/04/13.png,"https://www.serverturizm.com.tr/wp-content/uploads/2026/04/10806-scaled.png,https://www.serverturizm.com.tr/wp-content/uploads/2026/04/IATA2-01-scaled.png,https://www.serverturizm.com.tr/wp-content/uploads/2026/04/10803-01-scaled-e1776760368295.png"
34,234,Lüks, REGAİP KANDİLİ MEKKEDE LÜKS UMRE PROGRAMI,"Aralık 3, 2026",2 ay 19 gün 11 saat,03.12.2026,,06.12.2026,12.12.2026,"9 Gece 10 Gün
3 Gece Medine, 6 Gece Mekke",,,,,Mias Al Madina Hotel,"https://serverturizm.com.tr/my-images/Hotels/Mias%20Al%20Madina%20Hotel/unnamed%20%281%29.webp,https://serverturizm.com.tr/my-images/Hotels/Mias%20Al%20Madina%20Hotel/unnamed%20%282%29.webp,https://serverturizm.com.tr/my-images/Hotels/Mias%20Al%20Madina%20Hotel/unnamed%20%283%29.webp,https://serverturizm.com.tr/my-images/Hotels/Mias%20Al%20Madina%20Hotel/unnamed%20%284%29.webp,https://serverturizm.com.tr/my-images/Hotels/Mias%20Al%20Madina%20Hotel/unnamed%20%285%29.webp,https://serverturizm.com.tr/my-images/Hotels/Mias%20Al%20Madina%20Hotel/unnamed%20%286%29.webp,https://serverturizm.com.tr/my-images/Hotels/Mias%20Al%20Madina%20Hotel/unnamed%20%287%29.webp,https://serverturizm.com.tr/my-images/Hotels/Mias%20Al%20Madina%20Hotel/unnamed%20%288%29.webp,https://serverturizm.com.tr/my-images/Hotels/Mias%20Al%20Madina%20Hotel/unnamed%20%289%29.webp,https://serverturizm.com.tr/my-images/Hotels/Mias%20Al%20Madina%20Hotel/unnamed.webp","https://www.google.com/maps/embed?pb=!1m18!1m12!1m3!1d4463.7321381089405!2d39.605854!3d24.4677492!2m3!1f0!2f0!3f0!3m2!1i1024!2i768!4f13.1!3m3!1m2!1s0x15bdbf9fe67ab795%3A0x9e49c8267255373e!2sMIAS%20HOTEL!5e1!3m2!1sen!2str!4v1769763447078!5m2!1sen!2str"" width=""600"" height=""450"" style=""border:0;"" allowfullscreen="""" loading=""lazy"" referrerpolicy=""no-referrer-when-downgrade",Dar Al Ghufran Safwah Tower Hotel,"https://serverturizm.com.tr/my-images/Hotels/Dar%20Al%20Ghufran%20Safwah%20Tower%20Hotel/unnamed%20%281%29.webp,https://serverturizm.com.tr/my-images/Hotels/Dar%20Al%20Ghufran%20Safwah%20Tower%20Hotel/unnamed%20%2810%29.webp,https://serverturizm.com.tr/my-images/Hotels/Dar%20Al%20Ghufran%20Safwah%20Tower%20Hotel/unnamed%20%282%29.webp,https://serverturizm.com.tr/my-images/Hotels/Dar%20Al%20Ghufran%20Safwah%20Tower%20Hotel/unnamed%20%283%29.webp,https://serverturizm.com.tr/my-images/Hotels/Dar%20Al%20Ghufran%20Safwah%20Tower%20Hotel/unnamed%20%284%29.webp,https://serverturizm.com.tr/my-images/Hotels/Dar%20Al%20Ghufran%20Safwah%20Tower%20Hotel/unnamed%20%285%29.webp,https://serverturizm.com.tr/my-images/Hotels/Dar%20Al%20Ghufran%20Safwah%20Tower%20Hotel/unnamed%20%286%29.webp,https://serverturizm.com.tr/my-images/Hotels/Dar%20Al%20Ghufran%20Safwah%20Tower%20Hotel/unnamed%20%287%29.webp,https://serverturizm.com.tr/my-images/Hotels/Dar%20Al%20Ghufran%20Safwah%20Tower%20Hotel/unnamed%20%288%29.webp,https://serverturizm.com.tr/my-images/Hotels/Dar%20Al%20Ghufran%20Safwah%20Tower%20Hotel/unnamed.webp","https://www.google.com/maps/embed?pb=!1m18!1m12!1m3!1d4565.437648208185!2d39.8267641!3d21.419245!2m3!1f0!2f0!3f0!3m2!1i1024!2i768!4f13.1!3m3!1m2!1s0x15c204b788a061a9%3A0xb96dbf35d751c4ae!2sAl%20Ghufran%20Safwah%20Hotel%20Makkah!5e1!3m2!1sen!2str!4v1769763390910!5m2!1sen!2str"" width=""600"" height=""450"" style=""border:0;"" allowfullscreen="""" loading=""lazy"" referrerpolicy=""no-referrer-when-downgrade""",2.550$,2.500$,2.450$,"0-2 Yaş: 700$
2-6 Yaş: 1000$
6-11 Yaş: 1200$
ÇOCUK ÜCRETLERİNE YATAK DAHİL DEĞİLDİR 
Çocuklar için yatak talep edilmesi halinde, çocuk ücreti yetişkin fiyatından 100 USD daha düşük olarak uygulanacaktır.","AÇIK BÜFE
SABAH VE AKŞAM YEMEKLİ
TÜM ÇEVRE ZİYARETLERİ VE GEZİLER
DİNİ İRŞAD HİZMETLERİ FİYATA DAHİLDİR",90 530 201 52 84,,FALSE,FALSE,,,,,https://www.serverturizm.com.tr/wp-content/uploads/2026/04/13.png,"https://www.serverturizm.com.tr/wp-content/uploads/2026/04/10806-scaled.png,https://www.serverturizm.com.tr/wp-content/uploads/2026/04/IATA2-01-scaled.png,https://www.serverturizm.com.tr/wp-content/uploads/2026/04/10803-01-scaled-e1776760368295.png"
35,235,Eko, REGAİP KANDİLİ MEKKEDE EKO UMRE PROGRAMI,"Aralık 3, 2026",2 ay 19 gün 11 saat,03.12.2026,,06.12.2026,12.12.2026,"9 Gece 10 Gün
3 Gece Medine, 6 Gece Mekke",,,,,Grand Al shahba Hotel Madinah,"https://serverturizm.com.tr/my-images/Hotels/Grand%20Al%20shahba%20Hotel%20Madinah/unnamed%20%281%29.webp,https://serverturizm.com.tr/my-images/Hotels/Grand%20Al%20shahba%20Hotel%20Madinah/unnamed%20%282%29.webp,https://serverturizm.com.tr/my-images/Hotels/Grand%20Al%20shahba%20Hotel%20Madinah/unnamed%20%283%29.webp,https://serverturizm.com.tr/my-images/Hotels/Grand%20Al%20shahba%20Hotel%20Madinah/unnamed%20%284%29.webp,https://serverturizm.com.tr/my-images/Hotels/Grand%20Al%20shahba%20Hotel%20Madinah/unnamed%20%285%29.webp,https://serverturizm.com.tr/my-images/Hotels/Grand%20Al%20shahba%20Hotel%20Madinah/unnamed%20%286%29.webp,https://serverturizm.com.tr/my-images/Hotels/Grand%20Al%20shahba%20Hotel%20Madinah/unnamed%20%287%29.webp,https://serverturizm.com.tr/my-images/Hotels/Grand%20Al%20shahba%20Hotel%20Madinah/unnamed%20%288%29.webp,https://serverturizm.com.tr/my-images/Hotels/Grand%20Al%20shahba%20Hotel%20Madinah/unnamed%20%289%29.webp,https://serverturizm.com.tr/my-images/Hotels/Grand%20Al%20shahba%20Hotel%20Madinah/unnamed.webp","https://www.google.com/maps/embed?pb=!1m18!1m12!1m3!1d7476.077003125505!2d39.609760309577304!3d24.46383063464214!2m3!1f0!2f0!3f0!3m2!1i1024!2i768!4f13.1!3m3!1m2!1s0x15bdbf7358170837%3A0x49d4da3051fc645e!2sGrand%20Al%20Shahba%20Hotel!5e0!3m2!1sen!2str!4v1775496770755!5m2!1sen!2str"" width=""600"" height=""450"" style=""border:0;"" allowfullscreen="""" loading=""lazy"" referrerpolicy=""no-referrer-when-downgrade""",Makarem Umm Al Qura Hotel,"https://serverturizm.com.tr/my-images/Hotels/Makarem%20Umm%20Al%20Qura%20Hotel/unnamed%20%281%29.webp,https://serverturizm.com.tr/my-images/Hotels/Makarem%20Umm%20Al%20Qura%20Hotel/unnamed%20%2810%29.webp,https://serverturizm.com.tr/my-images/Hotels/Makarem%20Umm%20Al%20Qura%20Hotel/unnamed%20%282%29.webp,https://serverturizm.com.tr/my-images/Hotels/Makarem%20Umm%20Al%20Qura%20Hotel/unnamed%20%283%29.webp,https://serverturizm.com.tr/my-images/Hotels/Makarem%20Umm%20Al%20Qura%20Hotel/unnamed%20%284%29.webp,https://serverturizm.com.tr/my-images/Hotels/Makarem%20Umm%20Al%20Qura%20Hotel/unnamed%20%285%29.webp,https://serverturizm.com.tr/my-images/Hotels/Makarem%20Umm%20Al%20Qura%20Hotel/unnamed%20%286%29.webp,https://serverturizm.com.tr/my-images/Hotels/Makarem%20Umm%20Al%20Qura%20Hotel/unnamed%20%287%29.webp,https://serverturizm.com.tr/my-images/Hotels/Makarem%20Umm%20Al%20Qura%20Hotel/unnamed%20%288%29.webp,https://serverturizm.com.tr/my-images/Hotels/Makarem%20Umm%20Al%20Qura%20Hotel/unnamed.webp","https://www.google.com/maps/embed?pb=!1m18!1m12!1m3!1d4565.966757268585!2d39.8307328!3d21.4023114!2m3!1f0!2f0!3f0!3m2!1i1024!2i768!4f13.1!3m3!1m2!1s0x15c204dbc1d086d9%3A0xe768cbc6e06ede7!2sMakarem%20Um%20Al%20Qura%20Hotel!5e1!3m2!1sen!2str!4v1769763486944!5m2!1sen!2str"" width=""600"" height=""450"" style=""border:0;"" allowfullscreen="""" loading=""lazy"" referrerpolicy=""no-referrer-when-downgrade",1.400$,1.350$,1.300$,"0-2 Yaş: 650$
2-6 Yaş: 950$
6-11 Yaş: 1100$
ÇOCUK ÜCRETLERİNE YATAK DAHİL DEĞİLDİR 
Çocuklar için yatak talep edilmesi halinde, çocuk ücreti yetişkin fiyatından 100 USD daha düşük olarak uygulanacaktır.","YAKIN SERVISLI
SABAH VE AKŞAM YEMEKLİ
TÜM ÇEVRE ZİYARETLERİ VE GEZİLER
DİNİ İRŞAD HİZMETLERİ FİYATA DAHİLDİR",90 530 201 52 84,,FALSE,FALSE,,,,,https://www.serverturizm.com.tr/wp-content/uploads/2026/04/13.png,"https://www.serverturizm.com.tr/wp-content/uploads/2026/04/10806-scaled.png,https://www.serverturizm.com.tr/wp-content/uploads/2026/04/IATA2-01-scaled.png,https://www.serverturizm.com.tr/wp-content/uploads/2026/04/10803-01-scaled-e1776760368295.png"
36,236,Eko, REGAİP KANDİLİ MEKKEDE EKO UMRE PROGRAMI,"Aralık 3, 2026",2 ay 19 gün 11 saat,03.12.2026,,06.12.2026,16.12.2026,"13 Gece 14 Gün
3 Gece Medine, 10 Gece Mekke",,,,,Grand Al shahba Hotel Madinah,"https://serverturizm.com.tr/my-images/Hotels/Grand%20Al%20shahba%20Hotel%20Madinah/unnamed%20%281%29.webp,https://serverturizm.com.tr/my-images/Hotels/Grand%20Al%20shahba%20Hotel%20Madinah/unnamed%20%282%29.webp,https://serverturizm.com.tr/my-images/Hotels/Grand%20Al%20shahba%20Hotel%20Madinah/unnamed%20%283%29.webp,https://serverturizm.com.tr/my-images/Hotels/Grand%20Al%20shahba%20Hotel%20Madinah/unnamed%20%284%29.webp,https://serverturizm.com.tr/my-images/Hotels/Grand%20Al%20shahba%20Hotel%20Madinah/unnamed%20%285%29.webp,https://serverturizm.com.tr/my-images/Hotels/Grand%20Al%20shahba%20Hotel%20Madinah/unnamed%20%286%29.webp,https://serverturizm.com.tr/my-images/Hotels/Grand%20Al%20shahba%20Hotel%20Madinah/unnamed%20%287%29.webp,https://serverturizm.com.tr/my-images/Hotels/Grand%20Al%20shahba%20Hotel%20Madinah/unnamed%20%288%29.webp,https://serverturizm.com.tr/my-images/Hotels/Grand%20Al%20shahba%20Hotel%20Madinah/unnamed%20%289%29.webp,https://serverturizm.com.tr/my-images/Hotels/Grand%20Al%20shahba%20Hotel%20Madinah/unnamed.webp","https://www.google.com/maps/embed?pb=!1m18!1m12!1m3!1d7476.077003125505!2d39.609760309577304!3d24.46383063464214!2m3!1f0!2f0!3f0!3m2!1i1024!2i768!4f13.1!3m3!1m2!1s0x15bdbf7358170837%3A0x49d4da3051fc645e!2sGrand%20Al%20Shahba%20Hotel!5e0!3m2!1sen!2str!4v1775496770755!5m2!1sen!2str"" width=""600"" height=""450"" style=""border:0;"" allowfullscreen="""" loading=""lazy"" referrerpolicy=""no-referrer-when-downgrade""",Makarem Umm Al Qura Hotel,"https://serverturizm.com.tr/my-images/Hotels/Makarem%20Umm%20Al%20Qura%20Hotel/unnamed%20%281%29.webp,https://serverturizm.com.tr/my-images/Hotels/Makarem%20Umm%20Al%20Qura%20Hotel/unnamed%20%2810%29.webp,https://serverturizm.com.tr/my-images/Hotels/Makarem%20Umm%20Al%20Qura%20Hotel/unnamed%20%282%29.webp,https://serverturizm.com.tr/my-images/Hotels/Makarem%20Umm%20Al%20Qura%20Hotel/unnamed%20%283%29.webp,https://serverturizm.com.tr/my-images/Hotels/Makarem%20Umm%20Al%20Qura%20Hotel/unnamed%20%284%29.webp,https://serverturizm.com.tr/my-images/Hotels/Makarem%20Umm%20Al%20Qura%20Hotel/unnamed%20%285%29.webp,https://serverturizm.com.tr/my-images/Hotels/Makarem%20Umm%20Al%20Qura%20Hotel/unnamed%20%286%29.webp,https://serverturizm.com.tr/my-images/Hotels/Makarem%20Umm%20Al%20Qura%20Hotel/unnamed%20%287%29.webp,https://serverturizm.com.tr/my-images/Hotels/Makarem%20Umm%20Al%20Qura%20Hotel/unnamed%20%288%29.webp,https://serverturizm.com.tr/my-images/Hotels/Makarem%20Umm%20Al%20Qura%20Hotel/unnamed.webp","https://www.google.com/maps/embed?pb=!1m18!1m12!1m3!1d4565.966757268585!2d39.8307328!3d21.4023114!2m3!1f0!2f0!3f0!3m2!1i1024!2i768!4f13.1!3m3!1m2!1s0x15c204dbc1d086d9%3A0xe768cbc6e06ede7!2sMakarem%20Um%20Al%20Qura%20Hotel!5e1!3m2!1sen!2str!4v1769763486944!5m2!1sen!2str"" width=""600"" height=""450"" style=""border:0;"" allowfullscreen="""" loading=""lazy"" referrerpolicy=""no-referrer-when-downgrade",1.500$,1.450$,1.400$,"0-2 Yaş: 650$
2-6 Yaş: 950$
6-11 Yaş: 1100$
ÇOCUK ÜCRETLERİNE YATAK DAHİL DEĞİLDİR 
Çocuklar için yatak talep edilmesi halinde, çocuk ücreti yetişkin fiyatından 100 USD daha düşük olarak uygulanacaktır.","YAKIN SERVISLI
SABAH VE AKŞAM YEMEKLİ
TÜM ÇEVRE ZİYARETLERİ VE GEZİLER
DİNİ İRŞAD HİZMETLERİ FİYATA DAHİLDİR",90 530 201 52 84,,FALSE,FALSE,,,,,https://www.serverturizm.com.tr/wp-content/uploads/2026/04/13.png,"https://www.serverturizm.com.tr/wp-content/uploads/2026/04/10806-scaled.png,https://www.serverturizm.com.tr/wp-content/uploads/2026/04/IATA2-01-scaled.png,https://www.serverturizm.com.tr/wp-content/uploads/2026/04/10803-01-scaled-e1776760368295.png"
37,237,Lüks,MEKKENİN FETHİ LÜKS UMRE PROGRAMI,"Aralık 24, 2026",3 ay 10 gün 11 saat,24.12.2026,,27.12.2026,02.01.2027,"9 Gece 10 Gün
3 Gece Medine, 6 Gece Mekke",,,,,Mias Al Madina Hotel,"https://serverturizm.com.tr/my-images/Hotels/Mias%20Al%20Madina%20Hotel/unnamed%20%281%29.webp,https://serverturizm.com.tr/my-images/Hotels/Mias%20Al%20Madina%20Hotel/unnamed%20%282%29.webp,https://serverturizm.com.tr/my-images/Hotels/Mias%20Al%20Madina%20Hotel/unnamed%20%283%29.webp,https://serverturizm.com.tr/my-images/Hotels/Mias%20Al%20Madina%20Hotel/unnamed%20%284%29.webp,https://serverturizm.com.tr/my-images/Hotels/Mias%20Al%20Madina%20Hotel/unnamed%20%285%29.webp,https://serverturizm.com.tr/my-images/Hotels/Mias%20Al%20Madina%20Hotel/unnamed%20%286%29.webp,https://serverturizm.com.tr/my-images/Hotels/Mias%20Al%20Madina%20Hotel/unnamed%20%287%29.webp,https://serverturizm.com.tr/my-images/Hotels/Mias%20Al%20Madina%20Hotel/unnamed%20%288%29.webp,https://serverturizm.com.tr/my-images/Hotels/Mias%20Al%20Madina%20Hotel/unnamed%20%289%29.webp,https://serverturizm.com.tr/my-images/Hotels/Mias%20Al%20Madina%20Hotel/unnamed.webp","https://www.google.com/maps/embed?pb=!1m18!1m12!1m3!1d4463.7321381089405!2d39.605854!3d24.4677492!2m3!1f0!2f0!3f0!3m2!1i1024!2i768!4f13.1!3m3!1m2!1s0x15bdbf9fe67ab795%3A0x9e49c8267255373e!2sMIAS%20HOTEL!5e1!3m2!1sen!2str!4v1769763447078!5m2!1sen!2str"" width=""600"" height=""450"" style=""border:0;"" allowfullscreen="""" loading=""lazy"" referrerpolicy=""no-referrer-when-downgrade",Dar Al Ghufran Safwah Tower Hotel,"https://serverturizm.com.tr/my-images/Hotels/Dar%20Al%20Ghufran%20Safwah%20Tower%20Hotel/unnamed%20%281%29.webp,https://serverturizm.com.tr/my-images/Hotels/Dar%20Al%20Ghufran%20Safwah%20Tower%20Hotel/unnamed%20%2810%29.webp,https://serverturizm.com.tr/my-images/Hotels/Dar%20Al%20Ghufran%20Safwah%20Tower%20Hotel/unnamed%20%282%29.webp,https://serverturizm.com.tr/my-images/Hotels/Dar%20Al%20Ghufran%20Safwah%20Tower%20Hotel/unnamed%20%283%29.webp,https://serverturizm.com.tr/my-images/Hotels/Dar%20Al%20Ghufran%20Safwah%20Tower%20Hotel/unnamed%20%284%29.webp,https://serverturizm.com.tr/my-images/Hotels/Dar%20Al%20Ghufran%20Safwah%20Tower%20Hotel/unnamed%20%285%29.webp,https://serverturizm.com.tr/my-images/Hotels/Dar%20Al%20Ghufran%20Safwah%20Tower%20Hotel/unnamed%20%286%29.webp,https://serverturizm.com.tr/my-images/Hotels/Dar%20Al%20Ghufran%20Safwah%20Tower%20Hotel/unnamed%20%287%29.webp,https://serverturizm.com.tr/my-images/Hotels/Dar%20Al%20Ghufran%20Safwah%20Tower%20Hotel/unnamed%20%288%29.webp,https://serverturizm.com.tr/my-images/Hotels/Dar%20Al%20Ghufran%20Safwah%20Tower%20Hotel/unnamed.webp","https://www.google.com/maps/embed?pb=!1m18!1m12!1m3!1d4565.437648208185!2d39.8267641!3d21.419245!2m3!1f0!2f0!3f0!3m2!1i1024!2i768!4f13.1!3m3!1m2!1s0x15c204b788a061a9%3A0xb96dbf35d751c4ae!2sAl%20Ghufran%20Safwah%20Hotel%20Makkah!5e1!3m2!1sen!2str!4v1769763390910!5m2!1sen!2str"" width=""600"" height=""450"" style=""border:0;"" allowfullscreen="""" loading=""lazy"" referrerpolicy=""no-referrer-when-downgrade""",2.650$,2.600$,2.550$,"0-2 Yaş: 700$
2-6 Yaş: 1000$
6-11 Yaş: 1200$
ÇOCUK ÜCRETLERİNE YATAK DAHİL DEĞİLDİR 
Çocuklar için yatak talep edilmesi halinde, çocuk ücreti yetişkin fiyatından 100 USD daha düşük olarak uygulanacaktır.","AÇIK BÜFE
SABAH VE AKŞAM YEMEKLİ
TÜM ÇEVRE ZİYARETLERİ VE GEZİLER
DİNİ İRŞAD HİZMETLERİ FİYATA DAHİLDİR",90 530 201 52 84,,FALSE,FALSE,,,,,https://www.serverturizm.com.tr/wp-content/uploads/2026/04/13.png,"https://www.serverturizm.com.tr/wp-content/uploads/2026/04/10806-scaled.png,https://www.serverturizm.com.tr/wp-content/uploads/2026/04/IATA2-01-scaled.png,https://www.serverturizm.com.tr/wp-content/uploads/2026/04/10803-01-scaled-e1776760368295.png"
38,238,Eko,MEKKENİN FETHİ EKONOMİK UMRE PROGRAMI,"Aralık 24, 2026",3 ay 10 gün 11 saat,24.12.2026,,27.12.2026,02.01.2027,"9 Gece 10 Gün
3 Gece Medine, 6 Gece Mekke",,,,,Grand Al shahba Hotel Madinah,"https://serverturizm.com.tr/my-images/Hotels/Grand%20Al%20shahba%20Hotel%20Madinah/unnamed%20%281%29.webp,https://serverturizm.com.tr/my-images/Hotels/Grand%20Al%20shahba%20Hotel%20Madinah/unnamed%20%282%29.webp,https://serverturizm.com.tr/my-images/Hotels/Grand%20Al%20shahba%20Hotel%20Madinah/unnamed%20%283%29.webp,https://serverturizm.com.tr/my-images/Hotels/Grand%20Al%20shahba%20Hotel%20Madinah/unnamed%20%284%29.webp,https://serverturizm.com.tr/my-images/Hotels/Grand%20Al%20shahba%20Hotel%20Madinah/unnamed%20%285%29.webp,https://serverturizm.com.tr/my-images/Hotels/Grand%20Al%20shahba%20Hotel%20Madinah/unnamed%20%286%29.webp,https://serverturizm.com.tr/my-images/Hotels/Grand%20Al%20shahba%20Hotel%20Madinah/unnamed%20%287%29.webp,https://serverturizm.com.tr/my-images/Hotels/Grand%20Al%20shahba%20Hotel%20Madinah/unnamed%20%288%29.webp,https://serverturizm.com.tr/my-images/Hotels/Grand%20Al%20shahba%20Hotel%20Madinah/unnamed%20%289%29.webp,https://serverturizm.com.tr/my-images/Hotels/Grand%20Al%20shahba%20Hotel%20Madinah/unnamed.webp","https://www.google.com/maps/embed?pb=!1m18!1m12!1m3!1d7476.077003125505!2d39.609760309577304!3d24.46383063464214!2m3!1f0!2f0!3f0!3m2!1i1024!2i768!4f13.1!3m3!1m2!1s0x15bdbf7358170837%3A0x49d4da3051fc645e!2sGrand%20Al%20Shahba%20Hotel!5e0!3m2!1sen!2str!4v1775496770755!5m2!1sen!2str"" width=""600"" height=""450"" style=""border:0;"" allowfullscreen="""" loading=""lazy"" referrerpolicy=""no-referrer-when-downgrade""",Makarem Umm Al Qura Hotel,"https://serverturizm.com.tr/my-images/Hotels/Makarem%20Umm%20Al%20Qura%20Hotel/unnamed%20%281%29.webp,https://serverturizm.com.tr/my-images/Hotels/Makarem%20Umm%20Al%20Qura%20Hotel/unnamed%20%2810%29.webp,https://serverturizm.com.tr/my-images/Hotels/Makarem%20Umm%20Al%20Qura%20Hotel/unnamed%20%282%29.webp,https://serverturizm.com.tr/my-images/Hotels/Makarem%20Umm%20Al%20Qura%20Hotel/unnamed%20%283%29.webp,https://serverturizm.com.tr/my-images/Hotels/Makarem%20Umm%20Al%20Qura%20Hotel/unnamed%20%284%29.webp,https://serverturizm.com.tr/my-images/Hotels/Makarem%20Umm%20Al%20Qura%20Hotel/unnamed%20%285%29.webp,https://serverturizm.com.tr/my-images/Hotels/Makarem%20Umm%20Al%20Qura%20Hotel/unnamed%20%286%29.webp,https://serverturizm.com.tr/my-images/Hotels/Makarem%20Umm%20Al%20Qura%20Hotel/unnamed%20%287%29.webp,https://serverturizm.com.tr/my-images/Hotels/Makarem%20Umm%20Al%20Qura%20Hotel/unnamed%20%288%29.webp,https://serverturizm.com.tr/my-images/Hotels/Makarem%20Umm%20Al%20Qura%20Hotel/unnamed.webp","https://www.google.com/maps/embed?pb=!1m18!1m12!1m3!1d4565.966757268585!2d39.8307328!3d21.4023114!2m3!1f0!2f0!3f0!3m2!1i1024!2i768!4f13.1!3m3!1m2!1s0x15c204dbc1d086d9%3A0xe768cbc6e06ede7!2sMakarem%20Um%20Al%20Qura%20Hotel!5e1!3m2!1sen!2str!4v1769763486944!5m2!1sen!2str"" width=""600"" height=""450"" style=""border:0;"" allowfullscreen="""" loading=""lazy"" referrerpolicy=""no-referrer-when-downgrade",1.450$,1.400$,1.350$,"0-2 Yaş: 650$
2-6 Yaş: 950$
6-11 Yaş: 1100$
ÇOCUK ÜCRETLERİNE YATAK DAHİL DEĞİLDİR 
Çocuklar için yatak talep edilmesi halinde, çocuk ücreti yetişkin fiyatından 100 USD daha düşük olarak uygulanacaktır.","YAKIN SERVISLI
SABAH VE AKŞAM YEMEKLİ
TÜM ÇEVRE ZİYARETLERİ VE GEZİLER
DİNİ İRŞAD HİZMETLERİ FİYATA DAHİLDİR",90 530 201 52 84,,FALSE,FALSE,,,,,https://www.serverturizm.com.tr/wp-content/uploads/2026/04/13.png,"https://www.serverturizm.com.tr/wp-content/uploads/2026/04/10806-scaled.png,https://www.serverturizm.com.tr/wp-content/uploads/2026/04/IATA2-01-scaled.png,https://www.serverturizm.com.tr/wp-content/uploads/2026/04/10803-01-scaled-e1776760368295.png"
39,239,Eko,MEKKENİN FETHİ EKONOMİK UMRE PROGRAMI,"Aralık 24, 2026",3 ay 10 gün 11 saat,24.12.2026,,27.12.2026,06.01.2027,"13 Gece 14 Gün
3 Gece Medine, 10 Gece Mekke",,,,,Grand Al shahba Hotel Madinah,"https://serverturizm.com.tr/my-images/Hotels/Grand%20Al%20shahba%20Hotel%20Madinah/unnamed%20%281%29.webp,https://serverturizm.com.tr/my-images/Hotels/Grand%20Al%20shahba%20Hotel%20Madinah/unnamed%20%282%29.webp,https://serverturizm.com.tr/my-images/Hotels/Grand%20Al%20shahba%20Hotel%20Madinah/unnamed%20%283%29.webp,https://serverturizm.com.tr/my-images/Hotels/Grand%20Al%20shahba%20Hotel%20Madinah/unnamed%20%284%29.webp,https://serverturizm.com.tr/my-images/Hotels/Grand%20Al%20shahba%20Hotel%20Madinah/unnamed%20%285%29.webp,https://serverturizm.com.tr/my-images/Hotels/Grand%20Al%20shahba%20Hotel%20Madinah/unnamed%20%286%29.webp,https://serverturizm.com.tr/my-images/Hotels/Grand%20Al%20shahba%20Hotel%20Madinah/unnamed%20%287%29.webp,https://serverturizm.com.tr/my-images/Hotels/Grand%20Al%20shahba%20Hotel%20Madinah/unnamed%20%288%29.webp,https://serverturizm.com.tr/my-images/Hotels/Grand%20Al%20shahba%20Hotel%20Madinah/unnamed%20%289%29.webp,https://serverturizm.com.tr/my-images/Hotels/Grand%20Al%20shahba%20Hotel%20Madinah/unnamed.webp","https://www.google.com/maps/embed?pb=!1m18!1m12!1m3!1d7476.077003125505!2d39.609760309577304!3d24.46383063464214!2m3!1f0!2f0!3f0!3m2!1i1024!2i768!4f13.1!3m3!1m2!1s0x15bdbf7358170837%3A0x49d4da3051fc645e!2sGrand%20Al%20Shahba%20Hotel!5e0!3m2!1sen!2str!4v1775496770755!5m2!1sen!2str"" width=""600"" height=""450"" style=""border:0;"" allowfullscreen="""" loading=""lazy"" referrerpolicy=""no-referrer-when-downgrade""",Makarem Umm Al Qura Hotel,"https://serverturizm.com.tr/my-images/Hotels/Makarem%20Umm%20Al%20Qura%20Hotel/unnamed%20%281%29.webp,https://serverturizm.com.tr/my-images/Hotels/Makarem%20Umm%20Al%20Qura%20Hotel/unnamed%20%2810%29.webp,https://serverturizm.com.tr/my-images/Hotels/Makarem%20Umm%20Al%20Qura%20Hotel/unnamed%20%282%29.webp,https://serverturizm.com.tr/my-images/Hotels/Makarem%20Umm%20Al%20Qura%20Hotel/unnamed%20%283%29.webp,https://serverturizm.com.tr/my-images/Hotels/Makarem%20Umm%20Al%20Qura%20Hotel/unnamed%20%284%29.webp,https://serverturizm.com.tr/my-images/Hotels/Makarem%20Umm%20Al%20Qura%20Hotel/unnamed%20%285%29.webp,https://serverturizm.com.tr/my-images/Hotels/Makarem%20Umm%20Al%20Qura%20Hotel/unnamed%20%286%29.webp,https://serverturizm.com.tr/my-images/Hotels/Makarem%20Umm%20Al%20Qura%20Hotel/unnamed%20%287%29.webp,https://serverturizm.com.tr/my-images/Hotels/Makarem%20Umm%20Al%20Qura%20Hotel/unnamed%20%288%29.webp,https://serverturizm.com.tr/my-images/Hotels/Makarem%20Umm%20Al%20Qura%20Hotel/unnamed.webp","https://www.google.com/maps/embed?pb=!1m18!1m12!1m3!1d4565.966757268585!2d39.8307328!3d21.4023114!2m3!1f0!2f0!3f0!3m2!1i1024!2i768!4f13.1!3m3!1m2!1s0x15c204dbc1d086d9%3A0xe768cbc6e06ede7!2sMakarem%20Um%20Al%20Qura%20Hotel!5e1!3m2!1sen!2str!4v1769763486944!5m2!1sen!2str"" width=""600"" height=""450"" style=""border:0;"" allowfullscreen="""" loading=""lazy"" referrerpolicy=""no-referrer-when-downgrade",1.550$,1.500$,1.450$,"0-2 Yaş: 650$
2-6 Yaş: 950$
6-11 Yaş: 1100$
ÇOCUK ÜCRETLERİNE YATAK DAHİL DEĞİLDİR 
Çocuklar için yatak talep edilmesi halinde, çocuk ücreti yetişkin fiyatından 100 USD daha düşük olarak uygulanacaktır.","YAKIN SERVISLI
SABAH VE AKŞAM YEMEKLİ
TÜM ÇEVRE ZİYARETLERİ VE GEZİLER
DİNİ İRŞAD HİZMETLERİ FİYATA DAHİLDİR",90 530 201 52 84,,FALSE,FALSE,,,,,https://www.serverturizm.com.tr/wp-content/uploads/2026/04/13.png,"https://www.serverturizm.com.tr/wp-content/uploads/2026/04/10806-scaled.png,https://www.serverturizm.com.tr/wp-content/uploads/2026/04/IATA2-01-scaled.png,https://www.serverturizm.com.tr/wp-content/uploads/2026/04/10803-01-scaled-e1776760368295.png"
40,240,Lüks,MİRAÇ KANDİLİ MEDİNE LÜKS UMRE PROGRAMI,"Ocak 3, 2027",3 ay 20 gün 11 saat,03.01.2027,,06.01.2027,12.01.2027,"9 Gece 10 Gün
3 Gece Medine, 6 Gece Mekke",,,,,Mias Al Madina Hotel,"https://serverturizm.com.tr/my-images/Hotels/Mias%20Al%20Madina%20Hotel/unnamed%20%281%29.webp,https://serverturizm.com.tr/my-images/Hotels/Mias%20Al%20Madina%20Hotel/unnamed%20%282%29.webp,https://serverturizm.com.tr/my-images/Hotels/Mias%20Al%20Madina%20Hotel/unnamed%20%283%29.webp,https://serverturizm.com.tr/my-images/Hotels/Mias%20Al%20Madina%20Hotel/unnamed%20%284%29.webp,https://serverturizm.com.tr/my-images/Hotels/Mias%20Al%20Madina%20Hotel/unnamed%20%285%29.webp,https://serverturizm.com.tr/my-images/Hotels/Mias%20Al%20Madina%20Hotel/unnamed%20%286%29.webp,https://serverturizm.com.tr/my-images/Hotels/Mias%20Al%20Madina%20Hotel/unnamed%20%287%29.webp,https://serverturizm.com.tr/my-images/Hotels/Mias%20Al%20Madina%20Hotel/unnamed%20%288%29.webp,https://serverturizm.com.tr/my-images/Hotels/Mias%20Al%20Madina%20Hotel/unnamed%20%289%29.webp,https://serverturizm.com.tr/my-images/Hotels/Mias%20Al%20Madina%20Hotel/unnamed.webp","https://www.google.com/maps/embed?pb=!1m18!1m12!1m3!1d4463.7321381089405!2d39.605854!3d24.4677492!2m3!1f0!2f0!3f0!3m2!1i1024!2i768!4f13.1!3m3!1m2!1s0x15bdbf9fe67ab795%3A0x9e49c8267255373e!2sMIAS%20HOTEL!5e1!3m2!1sen!2str!4v1769763447078!5m2!1sen!2str"" width=""600"" height=""450"" style=""border:0;"" allowfullscreen="""" loading=""lazy"" referrerpolicy=""no-referrer-when-downgrade",Dar Al Ghufran Safwah Tower Hotel,"https://serverturizm.com.tr/my-images/Hotels/Dar%20Al%20Ghufran%20Safwah%20Tower%20Hotel/unnamed%20%281%29.webp,https://serverturizm.com.tr/my-images/Hotels/Dar%20Al%20Ghufran%20Safwah%20Tower%20Hotel/unnamed%20%2810%29.webp,https://serverturizm.com.tr/my-images/Hotels/Dar%20Al%20Ghufran%20Safwah%20Tower%20Hotel/unnamed%20%282%29.webp,https://serverturizm.com.tr/my-images/Hotels/Dar%20Al%20Ghufran%20Safwah%20Tower%20Hotel/unnamed%20%283%29.webp,https://serverturizm.com.tr/my-images/Hotels/Dar%20Al%20Ghufran%20Safwah%20Tower%20Hotel/unnamed%20%284%29.webp,https://serverturizm.com.tr/my-images/Hotels/Dar%20Al%20Ghufran%20Safwah%20Tower%20Hotel/unnamed%20%285%29.webp,https://serverturizm.com.tr/my-images/Hotels/Dar%20Al%20Ghufran%20Safwah%20Tower%20Hotel/unnamed%20%286%29.webp,https://serverturizm.com.tr/my-images/Hotels/Dar%20Al%20Ghufran%20Safwah%20Tower%20Hotel/unnamed%20%287%29.webp,https://serverturizm.com.tr/my-images/Hotels/Dar%20Al%20Ghufran%20Safwah%20Tower%20Hotel/unnamed%20%288%29.webp,https://serverturizm.com.tr/my-images/Hotels/Dar%20Al%20Ghufran%20Safwah%20Tower%20Hotel/unnamed.webp","https://www.google.com/maps/embed?pb=!1m18!1m12!1m3!1d4565.437648208185!2d39.8267641!3d21.419245!2m3!1f0!2f0!3f0!3m2!1i1024!2i768!4f13.1!3m3!1m2!1s0x15c204b788a061a9%3A0xb96dbf35d751c4ae!2sAl%20Ghufran%20Safwah%20Hotel%20Makkah!5e1!3m2!1sen!2str!4v1769763390910!5m2!1sen!2str"" width=""600"" height=""450"" style=""border:0;"" allowfullscreen="""" loading=""lazy"" referrerpolicy=""no-referrer-when-downgrade""",2.650$,2.600$,2.550$,"0-2 Yaş: 700$
2-6 Yaş: 1000$
6-11 Yaş: 1200$
ÇOCUK ÜCRETLERİNE YATAK DAHİL DEĞİLDİR 
Çocuklar için yatak talep edilmesi halinde, çocuk ücreti yetişkin fiyatından 100 USD daha düşük olarak uygulanacaktır.","AÇIK BÜFE
SABAH VE AKŞAM YEMEKLİ
TÜM ÇEVRE ZİYARETLERİ VE GEZİLER
DİNİ İRŞAD HİZMETLERİ FİYATA DAHİLDİR",90 530 201 52 84,,FALSE,FALSE,,,,,https://www.serverturizm.com.tr/wp-content/uploads/2026/04/13.png,"https://www.serverturizm.com.tr/wp-content/uploads/2026/04/10806-scaled.png,https://www.serverturizm.com.tr/wp-content/uploads/2026/04/IATA2-01-scaled.png,https://www.serverturizm.com.tr/wp-content/uploads/2026/04/10803-01-scaled-e1776760368295.png"
41,241,Eko,MİRAÇ KANDİLİ MEDİNE EKONOMİK UMRE PROGRAMI,"Ocak 3, 2027",3 ay 20 gün 11 saat,03.01.2027,,06.01.2027,12.01.2027,"9 Gece 10 Gün
3 Gece Medine, 6 Gece Mekke",,,,,Grand Al shahba Hotel Madinah,"https://serverturizm.com.tr/my-images/Hotels/Grand%20Al%20shahba%20Hotel%20Madinah/unnamed%20%281%29.webp,https://serverturizm.com.tr/my-images/Hotels/Grand%20Al%20shahba%20Hotel%20Madinah/unnamed%20%282%29.webp,https://serverturizm.com.tr/my-images/Hotels/Grand%20Al%20shahba%20Hotel%20Madinah/unnamed%20%283%29.webp,https://serverturizm.com.tr/my-images/Hotels/Grand%20Al%20shahba%20Hotel%20Madinah/unnamed%20%284%29.webp,https://serverturizm.com.tr/my-images/Hotels/Grand%20Al%20shahba%20Hotel%20Madinah/unnamed%20%285%29.webp,https://serverturizm.com.tr/my-images/Hotels/Grand%20Al%20shahba%20Hotel%20Madinah/unnamed%20%286%29.webp,https://serverturizm.com.tr/my-images/Hotels/Grand%20Al%20shahba%20Hotel%20Madinah/unnamed%20%287%29.webp,https://serverturizm.com.tr/my-images/Hotels/Grand%20Al%20shahba%20Hotel%20Madinah/unnamed%20%288%29.webp,https://serverturizm.com.tr/my-images/Hotels/Grand%20Al%20shahba%20Hotel%20Madinah/unnamed%20%289%29.webp,https://serverturizm.com.tr/my-images/Hotels/Grand%20Al%20shahba%20Hotel%20Madinah/unnamed.webp","https://www.google.com/maps/embed?pb=!1m18!1m12!1m3!1d7476.077003125505!2d39.609760309577304!3d24.46383063464214!2m3!1f0!2f0!3f0!3m2!1i1024!2i768!4f13.1!3m3!1m2!1s0x15bdbf7358170837%3A0x49d4da3051fc645e!2sGrand%20Al%20Shahba%20Hotel!5e0!3m2!1sen!2str!4v1775496770755!5m2!1sen!2str"" width=""600"" height=""450"" style=""border:0;"" allowfullscreen="""" loading=""lazy"" referrerpolicy=""no-referrer-when-downgrade""",Makarem Umm Al Qura Hotel,"https://serverturizm.com.tr/my-images/Hotels/Makarem%20Umm%20Al%20Qura%20Hotel/unnamed%20%281%29.webp,https://serverturizm.com.tr/my-images/Hotels/Makarem%20Umm%20Al%20Qura%20Hotel/unnamed%20%2810%29.webp,https://serverturizm.com.tr/my-images/Hotels/Makarem%20Umm%20Al%20Qura%20Hotel/unnamed%20%282%29.webp,https://serverturizm.com.tr/my-images/Hotels/Makarem%20Umm%20Al%20Qura%20Hotel/unnamed%20%283%29.webp,https://serverturizm.com.tr/my-images/Hotels/Makarem%20Umm%20Al%20Qura%20Hotel/unnamed%20%284%29.webp,https://serverturizm.com.tr/my-images/Hotels/Makarem%20Umm%20Al%20Qura%20Hotel/unnamed%20%285%29.webp,https://serverturizm.com.tr/my-images/Hotels/Makarem%20Umm%20Al%20Qura%20Hotel/unnamed%20%286%29.webp,https://serverturizm.com.tr/my-images/Hotels/Makarem%20Umm%20Al%20Qura%20Hotel/unnamed%20%287%29.webp,https://serverturizm.com.tr/my-images/Hotels/Makarem%20Umm%20Al%20Qura%20Hotel/unnamed%20%288%29.webp,https://serverturizm.com.tr/my-images/Hotels/Makarem%20Umm%20Al%20Qura%20Hotel/unnamed.webp","https://www.google.com/maps/embed?pb=!1m18!1m12!1m3!1d4565.966757268585!2d39.8307328!3d21.4023114!2m3!1f0!2f0!3f0!3m2!1i1024!2i768!4f13.1!3m3!1m2!1s0x15c204dbc1d086d9%3A0xe768cbc6e06ede7!2sMakarem%20Um%20Al%20Qura%20Hotel!5e1!3m2!1sen!2str!4v1769763486944!5m2!1sen!2str"" width=""600"" height=""450"" style=""border:0;"" allowfullscreen="""" loading=""lazy"" referrerpolicy=""no-referrer-when-downgrade",1.450$,1.400$,1.350$,"0-2 Yaş: 650$
2-6 Yaş: 950$
6-11 Yaş: 1100$
ÇOCUK ÜCRETLERİNE YATAK DAHİL DEĞİLDİR 
Çocuklar için yatak talep edilmesi halinde, çocuk ücreti yetişkin fiyatından 100 USD daha düşük olarak uygulanacaktır.","YAKIN SERVISLI
SABAH VE AKŞAM YEMEKLİ
TÜM ÇEVRE ZİYARETLERİ VE GEZİLER
DİNİ İRŞAD HİZMETLERİ FİYATA DAHİLDİR",90 530 201 52 84,,FALSE,FALSE,,,,,https://www.serverturizm.com.tr/wp-content/uploads/2026/04/13.png,"https://www.serverturizm.com.tr/wp-content/uploads/2026/04/10806-scaled.png,https://www.serverturizm.com.tr/wp-content/uploads/2026/04/IATA2-01-scaled.png,https://www.serverturizm.com.tr/wp-content/uploads/2026/04/10803-01-scaled-e1776760368295.png"
42,242,Eko,MİRAÇ KANDİLİ MEDİNE EKONOMİK UMRE PROGRAMI,"Ocak 3, 2027",3 ay 20 gün 11 saat,03.01.2027,,06.01.2027,16.01.2027,"13 Gece 14 Gün
3 Gece Medine, 10 Gece Mekke",,,,,Grand Al shahba Hotel Madinah,"https://serverturizm.com.tr/my-images/Hotels/Grand%20Al%20shahba%20Hotel%20Madinah/unnamed%20%281%29.webp,https://serverturizm.com.tr/my-images/Hotels/Grand%20Al%20shahba%20Hotel%20Madinah/unnamed%20%282%29.webp,https://serverturizm.com.tr/my-images/Hotels/Grand%20Al%20shahba%20Hotel%20Madinah/unnamed%20%283%29.webp,https://serverturizm.com.tr/my-images/Hotels/Grand%20Al%20shahba%20Hotel%20Madinah/unnamed%20%284%29.webp,https://serverturizm.com.tr/my-images/Hotels/Grand%20Al%20shahba%20Hotel%20Madinah/unnamed%20%285%29.webp,https://serverturizm.com.tr/my-images/Hotels/Grand%20Al%20shahba%20Hotel%20Madinah/unnamed%20%286%29.webp,https://serverturizm.com.tr/my-images/Hotels/Grand%20Al%20shahba%20Hotel%20Madinah/unnamed%20%287%29.webp,https://serverturizm.com.tr/my-images/Hotels/Grand%20Al%20shahba%20Hotel%20Madinah/unnamed%20%288%29.webp,https://serverturizm.com.tr/my-images/Hotels/Grand%20Al%20shahba%20Hotel%20Madinah/unnamed%20%289%29.webp,https://serverturizm.com.tr/my-images/Hotels/Grand%20Al%20shahba%20Hotel%20Madinah/unnamed.webp","https://www.google.com/maps/embed?pb=!1m18!1m12!1m3!1d7476.077003125505!2d39.609760309577304!3d24.46383063464214!2m3!1f0!2f0!3f0!3m2!1i1024!2i768!4f13.1!3m3!1m2!1s0x15bdbf7358170837%3A0x49d4da3051fc645e!2sGrand%20Al%20Shahba%20Hotel!5e0!3m2!1sen!2str!4v1775496770755!5m2!1sen!2str"" width=""600"" height=""450"" style=""border:0;"" allowfullscreen="""" loading=""lazy"" referrerpolicy=""no-referrer-when-downgrade""",Makarem Umm Al Qura Hotel,"https://serverturizm.com.tr/my-images/Hotels/Makarem%20Umm%20Al%20Qura%20Hotel/unnamed%20%281%29.webp,https://serverturizm.com.tr/my-images/Hotels/Makarem%20Umm%20Al%20Qura%20Hotel/unnamed%20%2810%29.webp,https://serverturizm.com.tr/my-images/Hotels/Makarem%20Umm%20Al%20Qura%20Hotel/unnamed%20%282%29.webp,https://serverturizm.com.tr/my-images/Hotels/Makarem%20Umm%20Al%20Qura%20Hotel/unnamed%20%283%29.webp,https://serverturizm.com.tr/my-images/Hotels/Makarem%20Umm%20Al%20Qura%20Hotel/unnamed%20%284%29.webp,https://serverturizm.com.tr/my-images/Hotels/Makarem%20Umm%20Al%20Qura%20Hotel/unnamed%20%285%29.webp,https://serverturizm.com.tr/my-images/Hotels/Makarem%20Umm%20Al%20Qura%20Hotel/unnamed%20%286%29.webp,https://serverturizm.com.tr/my-images/Hotels/Makarem%20Umm%20Al%20Qura%20Hotel/unnamed%20%287%29.webp,https://serverturizm.com.tr/my-images/Hotels/Makarem%20Umm%20Al%20Qura%20Hotel/unnamed%20%288%29.webp,https://serverturizm.com.tr/my-images/Hotels/Makarem%20Umm%20Al%20Qura%20Hotel/unnamed.webp","https://www.google.com/maps/embed?pb=!1m18!1m12!1m3!1d4565.966757268585!2d39.8307328!3d21.4023114!2m3!1f0!2f0!3f0!3m2!1i1024!2i768!4f13.1!3m3!1m2!1s0x15c204dbc1d086d9%3A0xe768cbc6e06ede7!2sMakarem%20Um%20Al%20Qura%20Hotel!5e1!3m2!1sen!2str!4v1769763486944!5m2!1sen!2str"" width=""600"" height=""450"" style=""border:0;"" allowfullscreen="""" loading=""lazy"" referrerpolicy=""no-referrer-when-downgrade",1.550$,1.500$,1.450$,"0-2 Yaş: 650$
2-6 Yaş: 950$
6-11 Yaş: 1100$
ÇOCUK ÜCRETLERİNE YATAK DAHİL DEĞİLDİR 
Çocuklar için yatak talep edilmesi halinde, çocuk ücreti yetişkin fiyatından 100 USD daha düşük olarak uygulanacaktır.","YAKIN SERVISLI
SABAH VE AKŞAM YEMEKLİ
TÜM ÇEVRE ZİYARETLERİ VE GEZİLER
DİNİ İRŞAD HİZMETLERİ FİYATA DAHİLDİR",90 530 201 52 84,,FALSE,FALSE,,,,,https://www.serverturizm.com.tr/wp-content/uploads/2026/04/13.png,"https://www.serverturizm.com.tr/wp-content/uploads/2026/04/10806-scaled.png,https://www.serverturizm.com.tr/wp-content/uploads/2026/04/IATA2-01-scaled.png,https://www.serverturizm.com.tr/wp-content/uploads/2026/04/10803-01-scaled-e1776760368295.png"
43,243,Lüks,BERAAT KANDİLİ LÜKS UMRE PROGRAMI,"Ocak 16, 2027",4 ay 3 gün 11 saat,16.01.2027,,19.01.2027,25.01.2027,"9 Gece 10 Gün
3 Gece Medine, 6 Gece Mekke",,,,,Mias Al Madina Hotel,"https://serverturizm.com.tr/my-images/Hotels/Mias%20Al%20Madina%20Hotel/unnamed%20%281%29.webp,https://serverturizm.com.tr/my-images/Hotels/Mias%20Al%20Madina%20Hotel/unnamed%20%282%29.webp,https://serverturizm.com.tr/my-images/Hotels/Mias%20Al%20Madina%20Hotel/unnamed%20%283%29.webp,https://serverturizm.com.tr/my-images/Hotels/Mias%20Al%20Madina%20Hotel/unnamed%20%284%29.webp,https://serverturizm.com.tr/my-images/Hotels/Mias%20Al%20Madina%20Hotel/unnamed%20%285%29.webp,https://serverturizm.com.tr/my-images/Hotels/Mias%20Al%20Madina%20Hotel/unnamed%20%286%29.webp,https://serverturizm.com.tr/my-images/Hotels/Mias%20Al%20Madina%20Hotel/unnamed%20%287%29.webp,https://serverturizm.com.tr/my-images/Hotels/Mias%20Al%20Madina%20Hotel/unnamed%20%288%29.webp,https://serverturizm.com.tr/my-images/Hotels/Mias%20Al%20Madina%20Hotel/unnamed%20%289%29.webp,https://serverturizm.com.tr/my-images/Hotels/Mias%20Al%20Madina%20Hotel/unnamed.webp","https://www.google.com/maps/embed?pb=!1m18!1m12!1m3!1d4463.7321381089405!2d39.605854!3d24.4677492!2m3!1f0!2f0!3f0!3m2!1i1024!2i768!4f13.1!3m3!1m2!1s0x15bdbf9fe67ab795%3A0x9e49c8267255373e!2sMIAS%20HOTEL!5e1!3m2!1sen!2str!4v1769763447078!5m2!1sen!2str"" width=""600"" height=""450"" style=""border:0;"" allowfullscreen="""" loading=""lazy"" referrerpolicy=""no-referrer-when-downgrade",Dar Al Ghufran Safwah Tower Hotel,"https://serverturizm.com.tr/my-images/Hotels/Dar%20Al%20Ghufran%20Safwah%20Tower%20Hotel/unnamed%20%281%29.webp,https://serverturizm.com.tr/my-images/Hotels/Dar%20Al%20Ghufran%20Safwah%20Tower%20Hotel/unnamed%20%2810%29.webp,https://serverturizm.com.tr/my-images/Hotels/Dar%20Al%20Ghufran%20Safwah%20Tower%20Hotel/unnamed%20%282%29.webp,https://serverturizm.com.tr/my-images/Hotels/Dar%20Al%20Ghufran%20Safwah%20Tower%20Hotel/unnamed%20%283%29.webp,https://serverturizm.com.tr/my-images/Hotels/Dar%20Al%20Ghufran%20Safwah%20Tower%20Hotel/unnamed%20%284%29.webp,https://serverturizm.com.tr/my-images/Hotels/Dar%20Al%20Ghufran%20Safwah%20Tower%20Hotel/unnamed%20%285%29.webp,https://serverturizm.com.tr/my-images/Hotels/Dar%20Al%20Ghufran%20Safwah%20Tower%20Hotel/unnamed%20%286%29.webp,https://serverturizm.com.tr/my-images/Hotels/Dar%20Al%20Ghufran%20Safwah%20Tower%20Hotel/unnamed%20%287%29.webp,https://serverturizm.com.tr/my-images/Hotels/Dar%20Al%20Ghufran%20Safwah%20Tower%20Hotel/unnamed%20%288%29.webp,https://serverturizm.com.tr/my-images/Hotels/Dar%20Al%20Ghufran%20Safwah%20Tower%20Hotel/unnamed.webp","https://www.google.com/maps/embed?pb=!1m18!1m12!1m3!1d4565.437648208185!2d39.8267641!3d21.419245!2m3!1f0!2f0!3f0!3m2!1i1024!2i768!4f13.1!3m3!1m2!1s0x15c204b788a061a9%3A0xb96dbf35d751c4ae!2sAl%20Ghufran%20Safwah%20Hotel%20Makkah!5e1!3m2!1sen!2str!4v1769763390910!5m2!1sen!2str"" width=""600"" height=""450"" style=""border:0;"" allowfullscreen="""" loading=""lazy"" referrerpolicy=""no-referrer-when-downgrade""",2.750$,2.700$,2.650$,"0-2 Yaş: 700$
2-6 Yaş: 1000$
6-11 Yaş: 1200$
ÇOCUK ÜCRETLERİNE YATAK DAHİL DEĞİLDİR 
Çocuklar için yatak talep edilmesi halinde, çocuk ücreti yetişkin fiyatından 100 USD daha düşük olarak uygulanacaktır.","AÇIK BÜFE
SABAH VE AKŞAM YEMEKLİ
TÜM ÇEVRE ZİYARETLERİ VE GEZİLER
DİNİ İRŞAD HİZMETLERİ FİYATA DAHİLDİR",90 530 201 52 84,,FALSE,FALSE,,,,,https://www.serverturizm.com.tr/wp-content/uploads/2026/04/13.png,"https://www.serverturizm.com.tr/wp-content/uploads/2026/04/10806-scaled.png,https://www.serverturizm.com.tr/wp-content/uploads/2026/04/IATA2-01-scaled.png,https://www.serverturizm.com.tr/wp-content/uploads/2026/04/10803-01-scaled-e1776760368295.png"
44,244,Eko,BERAAT KANDİLİ EKONOMİK UMRE PROGRAMI,"Ocak 16, 2027",4 ay 3 gün 11 saat,16.01.2027,,19.01.2027,29.01.2027,"13 Gece 14 Gün
3 Gece Medine, 10 Gece Mekke",,,,,Grand Al shahba Hotel Madinah,"https://serverturizm.com.tr/my-images/Hotels/Grand%20Al%20shahba%20Hotel%20Madinah/unnamed%20%281%29.webp,https://serverturizm.com.tr/my-images/Hotels/Grand%20Al%20shahba%20Hotel%20Madinah/unnamed%20%282%29.webp,https://serverturizm.com.tr/my-images/Hotels/Grand%20Al%20shahba%20Hotel%20Madinah/unnamed%20%283%29.webp,https://serverturizm.com.tr/my-images/Hotels/Grand%20Al%20shahba%20Hotel%20Madinah/unnamed%20%284%29.webp,https://serverturizm.com.tr/my-images/Hotels/Grand%20Al%20shahba%20Hotel%20Madinah/unnamed%20%285%29.webp,https://serverturizm.com.tr/my-images/Hotels/Grand%20Al%20shahba%20Hotel%20Madinah/unnamed%20%286%29.webp,https://serverturizm.com.tr/my-images/Hotels/Grand%20Al%20shahba%20Hotel%20Madinah/unnamed%20%287%29.webp,https://serverturizm.com.tr/my-images/Hotels/Grand%20Al%20shahba%20Hotel%20Madinah/unnamed%20%288%29.webp,https://serverturizm.com.tr/my-images/Hotels/Grand%20Al%20shahba%20Hotel%20Madinah/unnamed%20%289%29.webp,https://serverturizm.com.tr/my-images/Hotels/Grand%20Al%20shahba%20Hotel%20Madinah/unnamed.webp","https://www.google.com/maps/embed?pb=!1m18!1m12!1m3!1d7476.077003125505!2d39.609760309577304!3d24.46383063464214!2m3!1f0!2f0!3f0!3m2!1i1024!2i768!4f13.1!3m3!1m2!1s0x15bdbf7358170837%3A0x49d4da3051fc645e!2sGrand%20Al%20Shahba%20Hotel!5e0!3m2!1sen!2str!4v1775496770755!5m2!1sen!2str"" width=""600"" height=""450"" style=""border:0;"" allowfullscreen="""" loading=""lazy"" referrerpolicy=""no-referrer-when-downgrade""",Makarem Umm Al Qura Hotel,"https://serverturizm.com.tr/my-images/Hotels/Makarem%20Umm%20Al%20Qura%20Hotel/unnamed%20%281%29.webp,https://serverturizm.com.tr/my-images/Hotels/Makarem%20Umm%20Al%20Qura%20Hotel/unnamed%20%2810%29.webp,https://serverturizm.com.tr/my-images/Hotels/Makarem%20Umm%20Al%20Qura%20Hotel/unnamed%20%282%29.webp,https://serverturizm.com.tr/my-images/Hotels/Makarem%20Umm%20Al%20Qura%20Hotel/unnamed%20%283%29.webp,https://serverturizm.com.tr/my-images/Hotels/Makarem%20Umm%20Al%20Qura%20Hotel/unnamed%20%284%29.webp,https://serverturizm.com.tr/my-images/Hotels/Makarem%20Umm%20Al%20Qura%20Hotel/unnamed%20%285%29.webp,https://serverturizm.com.tr/my-images/Hotels/Makarem%20Umm%20Al%20Qura%20Hotel/unnamed%20%286%29.webp,https://serverturizm.com.tr/my-images/Hotels/Makarem%20Umm%20Al%20Qura%20Hotel/unnamed%20%287%29.webp,https://serverturizm.com.tr/my-images/Hotels/Makarem%20Umm%20Al%20Qura%20Hotel/unnamed%20%288%29.webp,https://serverturizm.com.tr/my-images/Hotels/Makarem%20Umm%20Al%20Qura%20Hotel/unnamed.webp","https://www.google.com/maps/embed?pb=!1m18!1m12!1m3!1d4565.966757268585!2d39.8307328!3d21.4023114!2m3!1f0!2f0!3f0!3m2!1i1024!2i768!4f13.1!3m3!1m2!1s0x15c204dbc1d086d9%3A0xe768cbc6e06ede7!2sMakarem%20Um%20Al%20Qura%20Hotel!5e1!3m2!1sen!2str!4v1769763486944!5m2!1sen!2str"" width=""600"" height=""450"" style=""border:0;"" allowfullscreen="""" loading=""lazy"" referrerpolicy=""no-referrer-when-downgrade",1.650$,1.600$,1.550$,"0-2 Yaş: 650$
2-6 Yaş: 950$
6-11 Yaş: 1100$
ÇOCUK ÜCRETLERİNE YATAK DAHİL DEĞİLDİR 
Çocuklar için yatak talep edilmesi halinde, çocuk ücreti yetişkin fiyatından 100 USD daha düşük olarak uygulanacaktır.","YAKIN SERVISLI
SABAH VE AKŞAM YEMEKLİ
TÜM ÇEVRE ZİYARETLERİ VE GEZİLER
DİNİ İRŞAD HİZMETLERİ FİYATA DAHİLDİR",90 530 201 52 84,,FALSE,FALSE,,,,,https://www.serverturizm.com.tr/wp-content/uploads/2026/04/13.png,"https://www.serverturizm.com.tr/wp-content/uploads/2026/04/10806-scaled.png,https://www.serverturizm.com.tr/wp-content/uploads/2026/04/IATA2-01-scaled.png,https://www.serverturizm.com.tr/wp-content/uploads/2026/04/10803-01-scaled-e1776760368295.png"
45,245,Eko,EKONOMİK UMRE PROGRAMI,"Ocak 20, 2027",4 ay 7 gün 11 saat,20.01.2027,,30.01.2027,02.02.2027,"13 Gece 14 Gün
10 Gece Mekke, 3 Gece Medine",,,,,Grand Al shahba Hotel Madinah,"https://serverturizm.com.tr/my-images/Hotels/Grand%20Al%20shahba%20Hotel%20Madinah/unnamed%20%281%29.webp,https://serverturizm.com.tr/my-images/Hotels/Grand%20Al%20shahba%20Hotel%20Madinah/unnamed%20%282%29.webp,https://serverturizm.com.tr/my-images/Hotels/Grand%20Al%20shahba%20Hotel%20Madinah/unnamed%20%283%29.webp,https://serverturizm.com.tr/my-images/Hotels/Grand%20Al%20shahba%20Hotel%20Madinah/unnamed%20%284%29.webp,https://serverturizm.com.tr/my-images/Hotels/Grand%20Al%20shahba%20Hotel%20Madinah/unnamed%20%285%29.webp,https://serverturizm.com.tr/my-images/Hotels/Grand%20Al%20shahba%20Hotel%20Madinah/unnamed%20%286%29.webp,https://serverturizm.com.tr/my-images/Hotels/Grand%20Al%20shahba%20Hotel%20Madinah/unnamed%20%287%29.webp,https://serverturizm.com.tr/my-images/Hotels/Grand%20Al%20shahba%20Hotel%20Madinah/unnamed%20%288%29.webp,https://serverturizm.com.tr/my-images/Hotels/Grand%20Al%20shahba%20Hotel%20Madinah/unnamed%20%289%29.webp,https://serverturizm.com.tr/my-images/Hotels/Grand%20Al%20shahba%20Hotel%20Madinah/unnamed.webp","https://www.google.com/maps/embed?pb=!1m18!1m12!1m3!1d7476.077003125505!2d39.609760309577304!3d24.46383063464214!2m3!1f0!2f0!3f0!3m2!1i1024!2i768!4f13.1!3m3!1m2!1s0x15bdbf7358170837%3A0x49d4da3051fc645e!2sGrand%20Al%20Shahba%20Hotel!5e0!3m2!1sen!2str!4v1775496770755!5m2!1sen!2str"" width=""600"" height=""450"" style=""border:0;"" allowfullscreen="""" loading=""lazy"" referrerpolicy=""no-referrer-when-downgrade""",Makarem Umm Al Qura Hotel,"https://serverturizm.com.tr/my-images/Hotels/Makarem%20Umm%20Al%20Qura%20Hotel/unnamed%20%281%29.webp,https://serverturizm.com.tr/my-images/Hotels/Makarem%20Umm%20Al%20Qura%20Hotel/unnamed%20%2810%29.webp,https://serverturizm.com.tr/my-images/Hotels/Makarem%20Umm%20Al%20Qura%20Hotel/unnamed%20%282%29.webp,https://serverturizm.com.tr/my-images/Hotels/Makarem%20Umm%20Al%20Qura%20Hotel/unnamed%20%283%29.webp,https://serverturizm.com.tr/my-images/Hotels/Makarem%20Umm%20Al%20Qura%20Hotel/unnamed%20%284%29.webp,https://serverturizm.com.tr/my-images/Hotels/Makarem%20Umm%20Al%20Qura%20Hotel/unnamed%20%285%29.webp,https://serverturizm.com.tr/my-images/Hotels/Makarem%20Umm%20Al%20Qura%20Hotel/unnamed%20%286%29.webp,https://serverturizm.com.tr/my-images/Hotels/Makarem%20Umm%20Al%20Qura%20Hotel/unnamed%20%287%29.webp,https://serverturizm.com.tr/my-images/Hotels/Makarem%20Umm%20Al%20Qura%20Hotel/unnamed%20%288%29.webp,https://serverturizm.com.tr/my-images/Hotels/Makarem%20Umm%20Al%20Qura%20Hotel/unnamed.webp","https://www.google.com/maps/embed?pb=!1m18!1m12!1m3!1d4565.966757268585!2d39.8307328!3d21.4023114!2m3!1f0!2f0!3f0!3m2!1i1024!2i768!4f13.1!3m3!1m2!1s0x15c204dbc1d086d9%3A0xe768cbc6e06ede7!2sMakarem%20Um%20Al%20Qura%20Hotel!5e1!3m2!1sen!2str!4v1769763486944!5m2!1sen!2str"" width=""600"" height=""450"" style=""border:0;"" allowfullscreen="""" loading=""lazy"" referrerpolicy=""no-referrer-when-downgrade",1.650$,1.600$,1.550$,"0-2 Yaş: 650$
2-6 Yaş: 950$
6-11 Yaş: 1100$
ÇOCUK ÜCRETLERİNE YATAK DAHİL DEĞİLDİR 
Çocuklar için yatak talep edilmesi halinde, çocuk ücreti yetişkin fiyatından 100 USD daha düşük olarak uygulanacaktır.","YAKIN SERVISLI
SABAH VE AKŞAM YEMEKLİ
TÜM ÇEVRE ZİYARETLERİ VE GEZİLER
DİNİ İRŞAD HİZMETLERİ FİYATA DAHİLDİR",90 530 201 52 84,,FALSE,FALSE,,,,,https://www.serverturizm.com.tr/wp-content/uploads/2026/04/13.png,"https://www.serverturizm.com.tr/wp-content/uploads/2026/04/10806-scaled.png,https://www.serverturizm.com.tr/wp-content/uploads/2026/04/IATA2-01-scaled.png,https://www.serverturizm.com.tr/wp-content/uploads/2026/04/10803-01-scaled-e1776760368295.png"
46,246,Lüks, LÜKS UMRE PROGRAMI,"Ocak 21, 2027",4 ay 8 gün 11 saat,21.01.2027,,27.01.2027,30.01.2027,"9 Gece 10 Gün
6 Gece Mekke, 3 Gece Medine",,,,,Madinah Hilton Hotel,"https://serverturizm.com.tr/my-images/Hotels/Madinah%20Hilton%20Hotel/unnamed%20%281%29.webp,https://serverturizm.com.tr/my-images/Hotels/Madinah%20Hilton%20Hotel/unnamed%20%2810%29.webp,https://serverturizm.com.tr/my-images/Hotels/Madinah%20Hilton%20Hotel/unnamed%20%282%29.webp,https://serverturizm.com.tr/my-images/Hotels/Madinah%20Hilton%20Hotel/unnamed%20%283%29.webp,https://serverturizm.com.tr/my-images/Hotels/Madinah%20Hilton%20Hotel/unnamed%20%284%29.webp,https://serverturizm.com.tr/my-images/Hotels/Madinah%20Hilton%20Hotel/unnamed%20%285%29.webp,https://serverturizm.com.tr/my-images/Hotels/Madinah%20Hilton%20Hotel/unnamed%20%286%29.webp,https://serverturizm.com.tr/my-images/Hotels/Madinah%20Hilton%20Hotel/unnamed%20%287%29.webp,https://serverturizm.com.tr/my-images/Hotels/Madinah%20Hilton%20Hotel/unnamed%20%288%29.webp,https://serverturizm.com.tr/my-images/Hotels/Madinah%20Hilton%20Hotel/unnamed.webp","https://www.google.com/maps/embed?pb=!1m18!1m12!1m3!1d37954.060423335315!2d39.64014902341416!3d24.45064626976774!2m3!1f0!2f0!3f0!3m2!1i1024!2i768!4f13.1!3m3!1m2!1s0x15bdbf000c014a1f%3A0xc425f5af2ce99659!2sMadinah%20Hilton!5e0!3m2!1sen!2str!4v1775546360948!5m2!1sen!2str"" width=""600"" height=""450"" style=""border:0;"" allowfullscreen="""" loading=""lazy"" referrerpolicy=""no-referrer-when-downgrade""",Dar Al Ghufran Safwah Tower Hotel,"https://serverturizm.com.tr/my-images/Hotels/Dar%20Al%20Ghufran%20Safwah%20Tower%20Hotel/unnamed%20%281%29.webp,https://serverturizm.com.tr/my-images/Hotels/Dar%20Al%20Ghufran%20Safwah%20Tower%20Hotel/unnamed%20%2810%29.webp,https://serverturizm.com.tr/my-images/Hotels/Dar%20Al%20Ghufran%20Safwah%20Tower%20Hotel/unnamed%20%282%29.webp,https://serverturizm.com.tr/my-images/Hotels/Dar%20Al%20Ghufran%20Safwah%20Tower%20Hotel/unnamed%20%283%29.webp,https://serverturizm.com.tr/my-images/Hotels/Dar%20Al%20Ghufran%20Safwah%20Tower%20Hotel/unnamed%20%284%29.webp,https://serverturizm.com.tr/my-images/Hotels/Dar%20Al%20Ghufran%20Safwah%20Tower%20Hotel/unnamed%20%285%29.webp,https://serverturizm.com.tr/my-images/Hotels/Dar%20Al%20Ghufran%20Safwah%20Tower%20Hotel/unnamed%20%286%29.webp,https://serverturizm.com.tr/my-images/Hotels/Dar%20Al%20Ghufran%20Safwah%20Tower%20Hotel/unnamed%20%287%29.webp,https://serverturizm.com.tr/my-images/Hotels/Dar%20Al%20Ghufran%20Safwah%20Tower%20Hotel/unnamed%20%288%29.webp,https://serverturizm.com.tr/my-images/Hotels/Dar%20Al%20Ghufran%20Safwah%20Tower%20Hotel/unnamed.webp","https://www.google.com/maps/embed?pb=!1m18!1m12!1m3!1d4565.437648208185!2d39.8267641!3d21.419245!2m3!1f0!2f0!3f0!3m2!1i1024!2i768!4f13.1!3m3!1m2!1s0x15c204b788a061a9%3A0xb96dbf35d751c4ae!2sAl%20Ghufran%20Safwah%20Hotel%20Makkah!5e1!3m2!1sen!2str!4v1769763390910!5m2!1sen!2str"" width=""600"" height=""450"" style=""border:0;"" allowfullscreen="""" loading=""lazy"" referrerpolicy=""no-referrer-when-downgrade""",2.750$,2.650$,2.600$,"0-2 Yaş: 700$
2-6 Yaş: 1000$
6-11 Yaş: 1200$
ÇOCUK ÜCRETLERİNE YATAK DAHİL DEĞİLDİR 
Çocuklar için yatak talep edilmesi halinde, çocuk ücreti yetişkin fiyatından 100 USD daha düşük olarak uygulanacaktır.","AÇIK BÜFE
SABAH VE AKŞAM YEMEKLİ
TÜM ÇEVRE ZİYARETLERİ VE GEZİLER
DİNİ İRŞAD HİZMETLERİ FİYATA DAHİLDİR",90 530 201 52 84,,FALSE,FALSE,,,,,https://www.serverturizm.com.tr/wp-content/uploads/2026/04/13.png,"https://www.serverturizm.com.tr/wp-content/uploads/2026/04/10806-scaled.png,https://www.serverturizm.com.tr/wp-content/uploads/2026/04/IATA2-01-scaled.png,https://www.serverturizm.com.tr/wp-content/uploads/2026/04/10803-01-scaled-e1776760368295.png"
47,247,Eko,EKONOMİK UMRE PROGRAMI,"Ocak 21, 2027",4 ay 8 gün 11 saat,21.01.2027,,27.01.2027,30.01.2027,"9 Gece 10 Gün
6 Gece Mekke, 3 Gece Medine",,,,,Grand Al shahba Hotel Madinah,"https://serverturizm.com.tr/my-images/Hotels/Grand%20Al%20shahba%20Hotel%20Madinah/unnamed%20%281%29.webp,https://serverturizm.com.tr/my-images/Hotels/Grand%20Al%20shahba%20Hotel%20Madinah/unnamed%20%282%29.webp,https://serverturizm.com.tr/my-images/Hotels/Grand%20Al%20shahba%20Hotel%20Madinah/unnamed%20%283%29.webp,https://serverturizm.com.tr/my-images/Hotels/Grand%20Al%20shahba%20Hotel%20Madinah/unnamed%20%284%29.webp,https://serverturizm.com.tr/my-images/Hotels/Grand%20Al%20shahba%20Hotel%20Madinah/unnamed%20%285%29.webp,https://serverturizm.com.tr/my-images/Hotels/Grand%20Al%20shahba%20Hotel%20Madinah/unnamed%20%286%29.webp,https://serverturizm.com.tr/my-images/Hotels/Grand%20Al%20shahba%20Hotel%20Madinah/unnamed%20%287%29.webp,https://serverturizm.com.tr/my-images/Hotels/Grand%20Al%20shahba%20Hotel%20Madinah/unnamed%20%288%29.webp,https://serverturizm.com.tr/my-images/Hotels/Grand%20Al%20shahba%20Hotel%20Madinah/unnamed%20%289%29.webp,https://serverturizm.com.tr/my-images/Hotels/Grand%20Al%20shahba%20Hotel%20Madinah/unnamed.webp","https://www.google.com/maps/embed?pb=!1m18!1m12!1m3!1d7476.077003125505!2d39.609760309577304!3d24.46383063464214!2m3!1f0!2f0!3f0!3m2!1i1024!2i768!4f13.1!3m3!1m2!1s0x15bdbf7358170837%3A0x49d4da3051fc645e!2sGrand%20Al%20Shahba%20Hotel!5e0!3m2!1sen!2str!4v1775496770755!5m2!1sen!2str"" width=""600"" height=""450"" style=""border:0;"" allowfullscreen="""" loading=""lazy"" referrerpolicy=""no-referrer-when-downgrade""",Makarem Umm Al Qura Hotel,"https://serverturizm.com.tr/my-images/Hotels/Makarem%20Umm%20Al%20Qura%20Hotel/unnamed%20%281%29.webp,https://serverturizm.com.tr/my-images/Hotels/Makarem%20Umm%20Al%20Qura%20Hotel/unnamed%20%2810%29.webp,https://serverturizm.com.tr/my-images/Hotels/Makarem%20Umm%20Al%20Qura%20Hotel/unnamed%20%282%29.webp,https://serverturizm.com.tr/my-images/Hotels/Makarem%20Umm%20Al%20Qura%20Hotel/unnamed%20%283%29.webp,https://serverturizm.com.tr/my-images/Hotels/Makarem%20Umm%20Al%20Qura%20Hotel/unnamed%20%284%29.webp,https://serverturizm.com.tr/my-images/Hotels/Makarem%20Umm%20Al%20Qura%20Hotel/unnamed%20%285%29.webp,https://serverturizm.com.tr/my-images/Hotels/Makarem%20Umm%20Al%20Qura%20Hotel/unnamed%20%286%29.webp,https://serverturizm.com.tr/my-images/Hotels/Makarem%20Umm%20Al%20Qura%20Hotel/unnamed%20%287%29.webp,https://serverturizm.com.tr/my-images/Hotels/Makarem%20Umm%20Al%20Qura%20Hotel/unnamed%20%288%29.webp,https://serverturizm.com.tr/my-images/Hotels/Makarem%20Umm%20Al%20Qura%20Hotel/unnamed.webp","https://www.google.com/maps/embed?pb=!1m18!1m12!1m3!1d4565.966757268585!2d39.8307328!3d21.4023114!2m3!1f0!2f0!3f0!3m2!1i1024!2i768!4f13.1!3m3!1m2!1s0x15c204dbc1d086d9%3A0xe768cbc6e06ede7!2sMakarem%20Um%20Al%20Qura%20Hotel!5e1!3m2!1sen!2str!4v1769763486944!5m2!1sen!2str"" width=""600"" height=""450"" style=""border:0;"" allowfullscreen="""" loading=""lazy"" referrerpolicy=""no-referrer-when-downgrade",1.500$,1.450$,1.400$,"0-2 Yaş: 650$
2-6 Yaş: 950$
6-11 Yaş: 1100$
ÇOCUK ÜCRETLERİNE YATAK DAHİL DEĞİLDİR 
Çocuklar için yatak talep edilmesi halinde, çocuk ücreti yetişkin fiyatından 100 USD daha düşük olarak uygulanacaktır.","YAKIN SERVISLI
SABAH VE AKŞAM YEMEKLİ
TÜM ÇEVRE ZİYARETLERİ VE GEZİLER
DİNİ İRŞAD HİZMETLERİ FİYATA DAHİLDİR",90 530 201 52 84,,FALSE,FALSE,,,,,https://www.serverturizm.com.tr/wp-content/uploads/2026/04/13.png,"https://www.serverturizm.com.tr/wp-content/uploads/2026/04/10806-scaled.png,https://www.serverturizm.com.tr/wp-content/uploads/2026/04/IATA2-01-scaled.png,https://www.serverturizm.com.tr/wp-content/uploads/2026/04/10803-01-scaled-e1776760368295.png"
48,248,Eko,EKONOMİK UMRE PROGRAMI,"Ocak 25, 2027",4 ay 12 gün 11 saat,25.01.2027,,31.01.2027,03.02.2027,"9 Gece 10 Gün
6 Gece Mekke, 3 Gece Medine",,,,,Grand Al shahba Hotel Madinah,"https://serverturizm.com.tr/my-images/Hotels/Grand%20Al%20shahba%20Hotel%20Madinah/unnamed%20%281%29.webp,https://serverturizm.com.tr/my-images/Hotels/Grand%20Al%20shahba%20Hotel%20Madinah/unnamed%20%282%29.webp,https://serverturizm.com.tr/my-images/Hotels/Grand%20Al%20shahba%20Hotel%20Madinah/unnamed%20%283%29.webp,https://serverturizm.com.tr/my-images/Hotels/Grand%20Al%20shahba%20Hotel%20Madinah/unnamed%20%284%29.webp,https://serverturizm.com.tr/my-images/Hotels/Grand%20Al%20shahba%20Hotel%20Madinah/unnamed%20%285%29.webp,https://serverturizm.com.tr/my-images/Hotels/Grand%20Al%20shahba%20Hotel%20Madinah/unnamed%20%286%29.webp,https://serverturizm.com.tr/my-images/Hotels/Grand%20Al%20shahba%20Hotel%20Madinah/unnamed%20%287%29.webp,https://serverturizm.com.tr/my-images/Hotels/Grand%20Al%20shahba%20Hotel%20Madinah/unnamed%20%288%29.webp,https://serverturizm.com.tr/my-images/Hotels/Grand%20Al%20shahba%20Hotel%20Madinah/unnamed%20%289%29.webp,https://serverturizm.com.tr/my-images/Hotels/Grand%20Al%20shahba%20Hotel%20Madinah/unnamed.webp","https://www.google.com/maps/embed?pb=!1m18!1m12!1m3!1d7476.077003125505!2d39.609760309577304!3d24.46383063464214!2m3!1f0!2f0!3f0!3m2!1i1024!2i768!4f13.1!3m3!1m2!1s0x15bdbf7358170837%3A0x49d4da3051fc645e!2sGrand%20Al%20Shahba%20Hotel!5e0!3m2!1sen!2str!4v1775496770755!5m2!1sen!2str"" width=""600"" height=""450"" style=""border:0;"" allowfullscreen="""" loading=""lazy"" referrerpolicy=""no-referrer-when-downgrade""",Makarem Umm Al Qura Hotel,"https://serverturizm.com.tr/my-images/Hotels/Makarem%20Umm%20Al%20Qura%20Hotel/unnamed%20%281%29.webp,https://serverturizm.com.tr/my-images/Hotels/Makarem%20Umm%20Al%20Qura%20Hotel/unnamed%20%2810%29.webp,https://serverturizm.com.tr/my-images/Hotels/Makarem%20Umm%20Al%20Qura%20Hotel/unnamed%20%282%29.webp,https://serverturizm.com.tr/my-images/Hotels/Makarem%20Umm%20Al%20Qura%20Hotel/unnamed%20%283%29.webp,https://serverturizm.com.tr/my-images/Hotels/Makarem%20Umm%20Al%20Qura%20Hotel/unnamed%20%284%29.webp,https://serverturizm.com.tr/my-images/Hotels/Makarem%20Umm%20Al%20Qura%20Hotel/unnamed%20%285%29.webp,https://serverturizm.com.tr/my-images/Hotels/Makarem%20Umm%20Al%20Qura%20Hotel/unnamed%20%286%29.webp,https://serverturizm.com.tr/my-images/Hotels/Makarem%20Umm%20Al%20Qura%20Hotel/unnamed%20%287%29.webp,https://serverturizm.com.tr/my-images/Hotels/Makarem%20Umm%20Al%20Qura%20Hotel/unnamed%20%288%29.webp,https://serverturizm.com.tr/my-images/Hotels/Makarem%20Umm%20Al%20Qura%20Hotel/unnamed.webp","https://www.google.com/maps/embed?pb=!1m18!1m12!1m3!1d4565.966757268585!2d39.8307328!3d21.4023114!2m3!1f0!2f0!3f0!3m2!1i1024!2i768!4f13.1!3m3!1m2!1s0x15c204dbc1d086d9%3A0xe768cbc6e06ede7!2sMakarem%20Um%20Al%20Qura%20Hotel!5e1!3m2!1sen!2str!4v1769763486944!5m2!1sen!2str"" width=""600"" height=""450"" style=""border:0;"" allowfullscreen="""" loading=""lazy"" referrerpolicy=""no-referrer-when-downgrade",1.500$,1.450$,1.400$,"0-2 Yaş: 650$
2-6 Yaş: 950$
6-11 Yaş: 1100$
ÇOCUK ÜCRETLERİNE YATAK DAHİL DEĞİLDİR 
Çocuklar için yatak talep edilmesi halinde, çocuk ücreti yetişkin fiyatından 100 USD daha düşük olarak uygulanacaktır.","YAKIN SERVISLI
SABAH VE AKŞAM YEMEKLİ
TÜM ÇEVRE ZİYARETLERİ VE GEZİLER
DİNİ İRŞAD HİZMETLERİ FİYATA DAHİLDİR",90 530 201 52 84,,FALSE,FALSE,,,,,https://www.serverturizm.com.tr/wp-content/uploads/2026/04/13.png,"https://www.serverturizm.com.tr/wp-content/uploads/2026/04/10806-scaled.png,https://www.serverturizm.com.tr/wp-content/uploads/2026/04/IATA2-01-scaled.png,https://www.serverturizm.com.tr/wp-content/uploads/2026/04/10803-01-scaled-e1776760368295.png"
49,249,Eko,EKONOMİK UMRE PROGRAMI,"Ocak 25, 2027",4 ay 12 gün 11 saat,25.01.2027,,04.02.2027,07.02.2027,"13 Gece 14 Gün
10 Gece Mekke, 3 Gece Medine",,,,,Grand Al shahba Hotel Madinah,"https://serverturizm.com.tr/my-images/Hotels/Grand%20Al%20shahba%20Hotel%20Madinah/unnamed%20%281%29.webp,https://serverturizm.com.tr/my-images/Hotels/Grand%20Al%20shahba%20Hotel%20Madinah/unnamed%20%282%29.webp,https://serverturizm.com.tr/my-images/Hotels/Grand%20Al%20shahba%20Hotel%20Madinah/unnamed%20%283%29.webp,https://serverturizm.com.tr/my-images/Hotels/Grand%20Al%20shahba%20Hotel%20Madinah/unnamed%20%284%29.webp,https://serverturizm.com.tr/my-images/Hotels/Grand%20Al%20shahba%20Hotel%20Madinah/unnamed%20%285%29.webp,https://serverturizm.com.tr/my-images/Hotels/Grand%20Al%20shahba%20Hotel%20Madinah/unnamed%20%286%29.webp,https://serverturizm.com.tr/my-images/Hotels/Grand%20Al%20shahba%20Hotel%20Madinah/unnamed%20%287%29.webp,https://serverturizm.com.tr/my-images/Hotels/Grand%20Al%20shahba%20Hotel%20Madinah/unnamed%20%288%29.webp,https://serverturizm.com.tr/my-images/Hotels/Grand%20Al%20shahba%20Hotel%20Madinah/unnamed%20%289%29.webp,https://serverturizm.com.tr/my-images/Hotels/Grand%20Al%20shahba%20Hotel%20Madinah/unnamed.webp","https://www.google.com/maps/embed?pb=!1m18!1m12!1m3!1d7476.077003125505!2d39.609760309577304!3d24.46383063464214!2m3!1f0!2f0!3f0!3m2!1i1024!2i768!4f13.1!3m3!1m2!1s0x15bdbf7358170837%3A0x49d4da3051fc645e!2sGrand%20Al%20Shahba%20Hotel!5e0!3m2!1sen!2str!4v1775496770755!5m2!1sen!2str"" width=""600"" height=""450"" style=""border:0;"" allowfullscreen="""" loading=""lazy"" referrerpolicy=""no-referrer-when-downgrade""",Makarem Umm Al Qura Hotel,"https://serverturizm.com.tr/my-images/Hotels/Makarem%20Umm%20Al%20Qura%20Hotel/unnamed%20%281%29.webp,https://serverturizm.com.tr/my-images/Hotels/Makarem%20Umm%20Al%20Qura%20Hotel/unnamed%20%2810%29.webp,https://serverturizm.com.tr/my-images/Hotels/Makarem%20Umm%20Al%20Qura%20Hotel/unnamed%20%282%29.webp,https://serverturizm.com.tr/my-images/Hotels/Makarem%20Umm%20Al%20Qura%20Hotel/unnamed%20%283%29.webp,https://serverturizm.com.tr/my-images/Hotels/Makarem%20Umm%20Al%20Qura%20Hotel/unnamed%20%284%29.webp,https://serverturizm.com.tr/my-images/Hotels/Makarem%20Umm%20Al%20Qura%20Hotel/unnamed%20%285%29.webp,https://serverturizm.com.tr/my-images/Hotels/Makarem%20Umm%20Al%20Qura%20Hotel/unnamed%20%286%29.webp,https://serverturizm.com.tr/my-images/Hotels/Makarem%20Umm%20Al%20Qura%20Hotel/unnamed%20%287%29.webp,https://serverturizm.com.tr/my-images/Hotels/Makarem%20Umm%20Al%20Qura%20Hotel/unnamed%20%288%29.webp,https://serverturizm.com.tr/my-images/Hotels/Makarem%20Umm%20Al%20Qura%20Hotel/unnamed.webp","https://www.google.com/maps/embed?pb=!1m18!1m12!1m3!1d4565.966757268585!2d39.8307328!3d21.4023114!2m3!1f0!2f0!3f0!3m2!1i1024!2i768!4f13.1!3m3!1m2!1s0x15c204dbc1d086d9%3A0xe768cbc6e06ede7!2sMakarem%20Um%20Al%20Qura%20Hotel!5e1!3m2!1sen!2str!4v1769763486944!5m2!1sen!2str"" width=""600"" height=""450"" style=""border:0;"" allowfullscreen="""" loading=""lazy"" referrerpolicy=""no-referrer-when-downgrade",1.650$,1.600$,1.550$,"0-2 Yaş: 650$
2-6 Yaş: 950$
6-11 Yaş: 1100$
ÇOCUK ÜCRETLERİNE YATAK DAHİL DEĞİLDİR 
Çocuklar için yatak talep edilmesi halinde, çocuk ücreti yetişkin fiyatından 100 USD daha düşük olarak uygulanacaktır.","YAKIN SERVISLI
SABAH VE AKŞAM YEMEKLİ
TÜM ÇEVRE ZİYARETLERİ VE GEZİLER
DİNİ İRŞAD HİZMETLERİ FİYATA DAHİLDİR",90 530 201 52 84,,FALSE,FALSE,,,,,https://www.serverturizm.com.tr/wp-content/uploads/2026/04/13.png,"https://www.serverturizm.com.tr/wp-content/uploads/2026/04/10806-scaled.png,https://www.serverturizm.com.tr/wp-content/uploads/2026/04/IATA2-01-scaled.png,https://www.serverturizm.com.tr/wp-content/uploads/2026/04/10803-01-scaled-e1776760368295.png"
50,,,,,,,,,,,,,,,,,,,,,,,,,,,,FALSE,FALSE,,,,,,
51,,,,,,,,,,,,,,,,,,,,,,,,,,,,FALSE,FALSE,,,,,,
52,,,,,,,,,,,,,,,,,,,,,,,,,,,,FALSE,FALSE,,,,,,
53,,,,,,,,,,,,,,,,,,,,,,,,,,,,FALSE,FALSE,,,,,,
54,,,,,,,,,,,,,,,,,,,,,,,,,,,,FALSE,FALSE,,,,,,
55,,,,,,,,,,,,,,,,,,,,,,,,,,,,FALSE,FALSE,,,,,,
56,,,,,,,,,,,,,,,,,,,,,,,,,,,,FALSE,FALSE,,,,,,
57,,,,,,,,,,,,,,,,,,,,,,,,,,,,FALSE,FALSE,,,,,,
58,,,,,,,,,,,,,,,,,,,,,,,,,,,,FALSE,FALSE,,,,,,
59,,,,,,,,,,,,,,,,,,,,,,,,,,,,FALSE,FALSE,,,,,,
60,,,,,,,,,,,,,,,,,,,,,,,,,,,,FALSE,FALSE,,,,,,
61,,,,,,,,,,,,,,,,,,,,,,,,,,,,FALSE,FALSE,,,,,,
62,,,,,,,,,,,,,,,,,,,,,,,,,,,,FALSE,FALSE,,,,,,
63,,,,,,,,,,,,,,,,,,,,,,,,,,,,FALSE,FALSE,,,,,,
64,,,,,,,,,,,,,,,,,,,,,,,,,,,,FALSE,FALSE,,,,,,
65,,,,,,,,,,,,,,,,,,,,,,,,,,,,FALSE,FALSE,,,,,,
66,,,,,,,,,,,,,,,,,,,,,,,,,,,,FALSE,FALSE,,,,,,
67,,,,,,,,,,,,,,,,,,,,,,,,,,,,FALSE,FALSE,,,,,,
68,,,,,,,,,,,,,,,,,,,,,,,,,,,,FALSE,FALSE,,,,,,
69,,,,,,,,,,,,,,,,,,,,,,,,,,,,FALSE,FALSE,,,,,,
70,,,,,,,,,,,,,,,,,,,,,,,,,,,,FALSE,FALSE,,,,,,
71,,,,,,,,,,,,,,,,,,,,,,,,,,,,FALSE,FALSE,,,,,,
72,,,,,,,,,,,,,,,,,,,,,,,,,,,,FALSE,FALSE,,,,,,
73,,,,,,,,,,,,,,,,,,,,,,,,,,,,FALSE,FALSE,,,,,,
74,,,,,,,,,,,,,,,,,,,,,,,,,,,,FALSE,FALSE,,,,,,
75,,,,,,,,,,,,,,,,,,,,,,,,,,,,FALSE,FALSE,,,,,,
76,,,,,,,,,,,,,,,,,,,,,,,,,,,,FALSE,FALSE,,,,,,
77,,,,,,,,,,,,,,,,,,,,,,,,,,,,FALSE,FALSE,,,,,,
78,,,,,,,,,,,,,,,,,,,,,,,,,,,,FALSE,FALSE,,,,,,
79,,,,,,,,,,,,,,,,,,,,,,,,,,,,FALSE,FALSE,,,,,,
80,,,,,,,,,,,,,,,,,,,,,,,,,,,,FALSE,FALSE,,,,,,
81,,,,,,,,,,,,,,,,,,,,,,,,,,,,FALSE,FALSE,,,,,,
82,,,,,,,,,,,,,,,,,,,,,,,,,,,,FALSE,FALSE,,,,,,
83,,,,,,,,,,,,,,,,,,,,,,,,,,,,FALSE,FALSE,,,,,,
84,,,,,,,,,,,,,,,,,,,,,,,,,,,,FALSE,FALSE,,,,,,
85,,,,,,,,,,,,,,,,,,,,,,,,,,,,FALSE,FALSE,,,,,,
86,,,,,,,,,,,,,,,,,,,,,,,,,,,,FALSE,FALSE,,,,,,
87,,,,,,,,,,,,,,,,,,,,,,,,,,,,FALSE,FALSE,,,,,,
88,,,,,,,,,,,,,,,,,,,,,,,,,,,,FALSE,FALSE,,,,,,
89,,,,,,,,,,,,,,,,,,,,,,,,,,,,FALSE,FALSE,,,,,,
90,,,,,,,,,,,,,,,,,,,,,,,,,,,,FALSE,FALSE,,,,,,
91,,,,,,,,,,,,,,,,,,,,,,,,,,,,FALSE,FALSE,,,,,,
92,,,,,,,,,,,,,,,,,,,,,,,,,,,,FALSE,FALSE,,,,,,
93,,,,,,,,,,,,,,,,,,,,,,,,,,,,FALSE,FALSE,,,,,,
94,,,,,,,,,,,,,,,,,,,,,,,,,,,,FALSE,FALSE,,,,,,
95,,,,,,,,,,,,,,,,,,,,,,,,,,,,FALSE,FALSE,,,,,,
96,,,,,,,,,,,,,,,,,,,,,,,,,,,,FALSE,FALSE,,,,,,
97,,,,,,,,,,,,,,,,,,,,,,,,,,,,FALSE,FALSE,,,,,,
98,,,,,,,,,,,,,,,,,,,,,,,,,,,,FALSE,FALSE,,,,,,
99,,,,,,,,,,,,,,,,,,,,,,,,,,,,FALSE,FALSE,,,,,,
100,,,,,,,,,,,,,,,,,,,,,,,,,,,,FALSE,FALSE,,,,,,
,,,,,,,,,,,,,,,,,,,,,,,,,,,,FALSE,FALSE,,,,,,
,,,,,,,,,,,,,,,,,,,,,,,,,,,,FALSE,FALSE,,,,,,
,,,,,,,,,,,,,,,,,,,,,,,,,,,,FALSE,FALSE,,,,,,
,,,,,,,,,,,,,,,,,,,,,,,,,,,,FALSE,FALSE,,,,,,
,,,,,,,,,,,,,,,,,,,,,,,,,,,,FALSE,FALSE,,,,,,
,,,,,,,,,,,,,,,,,,,,,,,,,,,,FALSE,FALSE,,,,,,
,,,,,,,,,,,,,,,,,,,,,,,,,,,,FALSE,FALSE,,,,,,
,,,,,,,,,,,,,,,,,,,,,,,,,,,,FALSE,FALSE,,,,,,
,,,,,,,,,,,,,,,,,,,,,,,,,,,,FALSE,FALSE,,,,,,
,,,,,,,,,,,,,,,,,,,,,,,,,,,,FALSE,FALSE,,,,,,
,,,,,,,,,,,,,,,,,,,,,,,,,,,,FALSE,FALSE,,,,,,
,,,,,,,,,,,,,,,,,,,,,,,,,,,,FALSE,FALSE,,,,,,
,,,,,,,,,,,,,,,,,,,,,,,,,,,,FALSE,FALSE,,,,,,
,,,,,,,,,,,,,,,,,,,,,,,,,,,,FALSE,FALSE,,,,,,
,,,,,,,,,,,,,,,,,,,,,,,,,,,,FALSE,FALSE,,,,,,
,,,,,,,,,,,,,,,,,,,,,,,,,,,,FALSE,FALSE,,,,,,
,,,,,,,,,,,,,,,,,,,,,,,,,,,,FALSE,FALSE,,,,,,
,,,,,,,,,,,,,,,,,,,,,,,,,,,,FALSE,FALSE,,,,,,
,,,,,,,,,,,,,,,,,,,,,,,,,,,,FALSE,FALSE,,,,,,
,,,,,,,,,,,,,,,,,,,,,,,,,,,,FALSE,FALSE,,,,,,
,,,,,,,,,,,,,,,,,,,,,,,,,,,,FALSE,FALSE,,,,,,
,,,,,,,,,,,,,,,,,,,,,,,,,,,,FALSE,FALSE,,,,,,
,,,,,,,,,,,,,,,,,,,,,,,,,,,,FALSE,FALSE,,,,,,
,,,,,,,,,,,,,,,,,,,,,,,,,,,,FALSE,FALSE,,,,,,
,,,,,,,,,,,,,,,,,,,,,,,,,,,,FALSE,FALSE,,,,,,
,,,,,,,,,,,,,,,,,,,,,,,,,,,,FALSE,FALSE,,,,,,
,,,,,,,,,,,,,,,,,,,,,,,,,,,,FALSE,FALSE,,,,,,
,,,,,,,,,,,,,,,,,,,,,,,,,,,,FALSE,FALSE,,,,,,
,,,,,,,,,,,,,,,,,,,,,,,,,,,,FALSE,FALSE,,,,,,
,,,,,,,,,,,,,,,,,,,,,,,,,,,,FALSE,FALSE,,,,,,
,,,,,,,,,,,,,,,,,,,,,,,,,,,,FALSE,FALSE,,,,,,
,,,,,,,,,,,,,,,,,,,,,,,,,,,,FALSE,FALSE,,,,,,
,,,,,,,,,,,,,,,,,,,,,,,,,,,,FALSE,FALSE,,,,,,
,,,,,,,,,,,,,,,,,,,,,,,,,,,,FALSE,FALSE,,,,,,
,,,,,,,,,,,,,,,,,,,,,,,,,,,,FALSE,FALSE,,,,,,
,,,,,,,,,,,,,,,,,,,,,,,,,,,,FALSE,FALSE,,,,,,
,,,,,,,,,,,,,,,,,,,,,,,,,,,,FALSE,FALSE,,,,,,
,,,,,,,,,,,,,,,,,,,,,,,,,,,,FALSE,FALSE,,,,,,
,,,,,,,,,,,,,,,,,,,,,,,,,,,,FALSE,FALSE,,,,,,
,,,,,,,,,,,,,,,,,,,,,,,,,,,,FALSE,FALSE,,,,,,
,,,,,,,,,,,,,,,,,,,,,,,,,,,,FALSE,FALSE,,,,,,
,,,,,,,,,,,,,,,,,,,,,,,,,,,,FALSE,FALSE,,,,,,
,,,,,,,,,,,,,,,,,,,,,,,,,,,,FALSE,FALSE,,,,,,
,,,,,,,,,,,,,,,,,,,,,,,,,,,,FALSE,FALSE,,,,,,
,,,,,,,,,,,,,,,,,,,,,,,,,,,,FALSE,FALSE,,,,,,
,,,,,,,,,,,,,,,,,,,,,,,,,,,,FALSE,FALSE,,,,,,
,,,,,,,,,,,,,,,,,,,,,,,,,,,,FALSE,FALSE,,,,,,
,,,,,,,,,,,,,,,,,,,,,,,,,,,,FALSE,FALSE,,,,,,
,,,,,,,,,,,,,,,,,,,,,,,,,,,,FALSE,FALSE,,,,,,
,,,,,,,,,,,,,,,,,,,,,,,,,,,,FALSE,FALSE,,,,,,
,,,,,,,,,,,,,,,,,,,,,,,,,,,,FALSE,FALSE,,,,,,
,,,,,,,,,,,,,,,,,,,,,,,,,,,,FALSE,FALSE,,,,,,
,,,,,,,,,,,,,,,,,,,,,,,,,,,,FALSE,FALSE,,,,,,
,,,,,,,,,,,,,,,,,,,,,,,,,,,,FALSE,FALSE,,,,,,
,,,,,,,,,,,,,,,,,,,,,,,,,,,,FALSE,FALSE,,,,,,
,,,,,,,,,,,,,,,,,,,,,,,,,,,,FALSE,FALSE,,,,,,
,,,,,,,,,,,,,,,,,,,,,,,,,,,,FALSE,FALSE,,,,,,
,,,,,,,,,,,,,,,,,,,,,,,,,,,,FALSE,FALSE,,,,,,
,,,,,,,,,,,,,,,,,,,,,,,,,,,,FALSE,FALSE,,,,,,
,,,,,,,,,,,,,,,,,,,,,,,,,,,,FALSE,FALSE,,,,,,
,,,,,,,,,,,,,,,,,,,,,,,,,,,,FALSE,FALSE,,,,,,
,,,,,,,,,,,,,,,,,,,,,,,,,,,,FALSE,FALSE,,,,,,
,,,,,,,,,,,,,,,,,,,,,,,,,,,,FALSE,FALSE,,,,,,
,,,,,,,,,,,,,,,,,,,,,,,,,,,,FALSE,FALSE,,,,,,
,,,,,,,,,,,,,,,,,,,,,,,,,,,,FALSE,FALSE,,,,,,
,,,,,,,,,,,,,,,,,,,,,,,,,,,,FALSE,FALSE,,,,,,
,,,,,,,,,,,,,,,,,,,,,,,,,,,,FALSE,FALSE,,,,,,
,,,,,,,,,,,,,,,,,,,,,,,,,,,,FALSE,FALSE,,,,,,
,,,,,,,,,,,,,,,,,,,,,,,,,,,,FALSE,FALSE,,,,,,
,,,,,,,,,,,,,,,,,,,,,,,,,,,,FALSE,FALSE,,,,,,
,,,,,,,,,,,,,,,,,,,,,,,,,,,,FALSE,FALSE,,,,,,
,,,,,,,,,,,,,,,,,,,,,,,,,,,,FALSE,FALSE,,,,,,
,,,,,,,,,,,,,,,,,,,,,,,,,,,,FALSE,FALSE,,,,,,
,,,,,,,,,,,,,,,,,,,,,,,,,,,,FALSE,FALSE,,,,,,
,,,,,,,,,,,,,,,,,,,,,,,,,,,,FALSE,FALSE,,,,,,
,,,,,,,,,,,,,,,,,,,,,,,,,,,,FALSE,FALSE,,,,,,
,,,,,,,,,,,,,,,,,,,,,,,,,,,,FALSE,FALSE,,,,,,
,,,,,,,,,,,,,,,,,,,,,,,,,,,,FALSE,FALSE,,,,,,
,,,,,,,,,,,,,,,,,,,,,,,,,,,,FALSE,FALSE,,,,,,
,,,,,,,,,,,,,,,,,,,,,,,,,,,,FALSE,FALSE,,,,,,
,,,,,,,,,,,,,,,,,,,,,,,,,,,,FALSE,FALSE,,,,,,
,,,,,,,,,,,,,,,,,,,,,,,,,,,,FALSE,FALSE,,,,,,
,,,,,,,,,,,,,,,,,,,,,,,,,,,,FALSE,FALSE,,,,,,
,,,,,,,,,,,,,,,,,,,,,,,,,,,,FALSE,FALSE,,,,,,
,,,,,,,,,,,,,,,,,,,,,,,,,,,,FALSE,FALSE,,,,,,
,,,,,,,,,,,,,,,,,,,,,,,,,,,,FALSE,FALSE,,,,,,
,,,,,,,,,,,,,,,,,,,,,,,,,,,,FALSE,FALSE,,,,,,
,,,,,,,,,,,,,,,,,,,,,,,,,,,,FALSE,FALSE,,,,,,
,,,,,,,,,,,,,,,,,,,,,,,,,,,,FALSE,FALSE,,,,,,
,,,,,,,,,,,,,,,,,,,,,,,,,,,,FALSE,FALSE,,,,,,
,,,,,,,,,,,,,,,,,,,,,,,,,,,,FALSE,FALSE,,,,,,
,,,,,,,,,,,,,,,,,,,,,,,,,,,,FALSE,FALSE,,,,,,
,,,,,,,,,,,,,,,,,,,,,,,,,,,,FALSE,FALSE,,,,,,
,,,,,,,,,,,,,,,,,,,,,,,,,,,,FALSE,FALSE,,,,,,
,,,,,,,,,,,,,,,,,,,,,,,,,,,,FALSE,FALSE,,,,,,
,,,,,,,,,,,,,,,,,,,,,,,,,,,,FALSE,FALSE,,,,,,
,,,,,,,,,,,,,,,,,,,,,,,,,,,,FALSE,FALSE,,,,,,
,,,,,,,,,,,,,,,,,,,,,,,,,,,,FALSE,FALSE,,,,,,
,,,,,,,,,,,,,,,,,,,,,,,,,,,,FALSE,FALSE,,,,,,
,,,,,,,,,,,,,,,,,,,,,,,,,,,,FALSE,FALSE,,,,,,
,,,,,,,,,,,,,,,,,,,,,,,,,,,,FALSE,FALSE,,,,,,
,,,,,,,,,,,,,,,,,,,,,,,,,,,,FALSE,FALSE,,,,,,
,,,,,,,,,,,,,,,,,,,,,,,,,,,,FALSE,FALSE,,,,,,
,,,,,,,,,,,,,,,,,,,,,,,,,,,,FALSE,FALSE,,,,,,
,,,,,,,,,,,,,,,,,,,,,,,,,,,,FALSE,FALSE,,,,,,
,,,,,,,,,,,,,,,,,,,,,,,,,,,,FALSE,FALSE,,,,,,
,,,,,,,,,,,,,,,,,,,,,,,,,,,,FALSE,FALSE,,,,,,
,,,,,,,,,,,,,,,,,,,,,,,,,,,,FALSE,FALSE,,,,,,
,,,,,,,,,,,,,,,,,,,,,,,,,,,,FALSE,FALSE,,,,,,
,,,,,,,,,,,,,,,,,,,,,,,,,,,,FALSE,FALSE,,,,,,
,,,,,,,,,,,,,,,,,,,,,,,,,,,,FALSE,FALSE,,,,,,
,,,,,,,,,,,,,,,,,,,,,,,,,,,,FALSE,FALSE,,,,,,
,,,,,,,,,,,,,,,,,,,,,,,,,,,,FALSE,FALSE,,,,,,
,,,,,,,,,,,,,,,,,,,,,,,,,,,,FALSE,FALSE,,,,,,
,,,,,,,,,,,,,,,,,,,,,,,,,,,,FALSE,FALSE,,,,,,
,,,,,,,,,,,,,,,,,,,,,,,,,,,,FALSE,FALSE,,,,,,
,,,,,,,,,,,,,,,,,,,,,,,,,,,,FALSE,FALSE,,,,,,
,,,,,,,,,,,,,,,,,,,,,,,,,,,,FALSE,FALSE,,,,,,
,,,,,,,,,,,,,,,,,,,,,,,,,,,,FALSE,FALSE,,,,,,
,,,,,,,,,,,,,,,,,,,,,,,,,,,,FALSE,FALSE,,,,,,
,,,,,,,,,,,,,,,,,,,,,,,,,,,,FALSE,FALSE,,,,,,
,,,,,,,,,,,,,,,,,,,,,,,,,,,,FALSE,FALSE,,,,,,
,,,,,,,,,,,,,,,,,,,,,,,,,,,,FALSE,FALSE,,,,,,
,,,,,,,,,,,,,,,,,,,,,,,,,,,,FALSE,FALSE,,,,,,
,,,,,,,,,,,,,,,,,,,,,,,,,,,,FALSE,FALSE,,,,,,
,,,,,,,,,,,,,,,,,,,,,,,,,,,,FALSE,FALSE,,,,,,
,,,,,,,,,,,,,,,,,,,,,,,,,,,,FALSE,FALSE,,,,,,
,,,,,,,,,,,,,,,,,,,,,,,,,,,,FALSE,FALSE,,,,,,
,,,,,,,,,,,,,,,,,,,,,,,,,,,,FALSE,FALSE,,,,,,
,,,,,,,,,,,,,,,,,,,,,,,,,,,,FALSE,FALSE,,,,,,
,,,,,,,,,,,,,,,,,,,,,,,,,,,,FALSE,FALSE,,,,,,
,,,,,,,,,,,,,,,,,,,,,,,,,,,,FALSE,FALSE,,,,,,
,,,,,,,,,,,,,,,,,,,,,,,,,,,,FALSE,FALSE,,,,,,
,,,,,,,,,,,,,,,,,,,,,,,,,,,,FALSE,FALSE,,,,,,
,,,,,,,,,,,,,,,,,,,,,,,,,,,,FALSE,FALSE,,,,,,
,,,,,,,,,,,,,,,,,,,,,,,,,,,,FALSE,FALSE,,,,,,
,,,,,,,,,,,,,,,,,,,,,,,,,,,,FALSE,FALSE,,,,,,
,,,,,,,,,,,,,,,,,,,,,,,,,,,,FALSE,FALSE,,,,,,
,,,,,,,,,,,,,,,,,,,,,,,,,,,,FALSE,FALSE,,,,,,
,,,,,,,,,,,,,,,,,,,,,,,,,,,,FALSE,FALSE,,,,,,
,,,,,,,,,,,,,,,,,,,,,,,,,,,,FALSE,FALSE,,,,,,
,,,,,,,,,,,,,,,,,,,,,,,,,,,,FALSE,FALSE,,,,,,
,,,,,,,,,,,,,,,,,,,,,,,,,,,,FALSE,FALSE,,,,,,
,,,,,,,,,,,,,,,,,,,,,,,,,,,,FALSE,FALSE,,,,,,
,,,,,,,,,,,,,,,,,,,,,,,,,,,,FALSE,FALSE,,,,,,
,,,,,,,,,,,,,,,,,,,,,,,,,,,,FALSE,FALSE,,,,,,
,,,,,,,,,,,,,,,,,,,,,,,,,,,,FALSE,FALSE,,,,,,
,,,,,,,,,,,,,,,,,,,,,,,,,,,,FALSE,FALSE,,,,,,
,,,,,,,,,,,,,,,,,,,,,,,,,,,,FALSE,FALSE,,,,,,
,,,,,,,,,,,,,,,,,,,,,,,,,,,,FALSE,FALSE,,,,,,
,,,,,,,,,,,,,,,,,,,,,,,,,,,,FALSE,FALSE,,,,,,
,,,,,,,,,,,,,,,,,,,,,,,,,,,,FALSE,FALSE,,,,,,
,,,,,,,,,,,,,,,,,,,,,,,,,,,,FALSE,FALSE,,,,,,
,,,,,,,,,,,,,,,,,,,,,,,,,,,,FALSE,FALSE,,,,,,
,,,,,,,,,,,,,,,,,,,,,,,,,,,,FALSE,FALSE,,,,,,
,,,,,,,,,,,,,,,,,,,,,,,,,,,,FALSE,FALSE,,,,,,
,,,,,,,,,,,,,,,,,,,,,,,,,,,,FALSE,FALSE,,,,,,
,,,,,,,,,,,,,,,,,,,,,,,,,,,,FALSE,FALSE,,,,,,
,,,,,,,,,,,,,,,,,,,,,,,,,,,,FALSE,FALSE,,,,,,
,,,,,,,,,,,,,,,,,,,,,,,,,,,,FALSE,FALSE,,,,,,
,,,,,,,,,,,,,,,,,,,,,,,,,,,,FALSE,FALSE,,,,,,
,,,,,,,,,,,,,,,,,,,,,,,,,,,,FALSE,FALSE,,,,,,
,,,,,,,,,,,,,,,,,,,,,,,,,,,,FALSE,FALSE,,,,,,
,,,,,,,,,,,,,,,,,,,,,,,,,,,,FALSE,FALSE,,,,,,
,,,,,,,,,,,,,,,,,,,,,,,,,,,,FALSE,FALSE,,,,,,
,,,,,,,,,,,,,,,,,,,,,,,,,,,,FALSE,FALSE,,,,,,
,,,,,,,,,,,,,,,,,,,,,,,,,,,,FALSE,FALSE,,,,,,
,,,,,,,,,,,,,,,,,,,,,,,,,,,,FALSE,FALSE,,,,,,
,,,,,,,,,,,,,,,,,,,,,,,,,,,,FALSE,FALSE,,,,,,
,,,,,,,,,,,,,,,,,,,,,,,,,,,,FALSE,FALSE,,,,,,
,,,,,,,,,,,,,,,,,,,,,,,,,,,,FALSE,FALSE,,,,,,
,,,,,,,,,,,,,,,,,,,,,,,,,,,,FALSE,FALSE,,,,,,
,,,,,,,,,,,,,,,,,,,,,,,,,,,,FALSE,FALSE,,,,,,
,,,,,,,,,,,,,,,,,,,,,,,,,,,,FALSE,FALSE,,,,,,
,,,,,,,,,,,,,,,,,,,,,,,,,,,,FALSE,FALSE,,,,,,
,,,,,,,,,,,,,,,,,,,,,,,,,,,,FALSE,FALSE,,,,,,
,,,,,,,,,,,,,,,,,,,,,,,,,,,,FALSE,FALSE,,,,,,
,,,,,,,,,,,,,,,,,,,,,,,,,,,,FALSE,FALSE,,,,,,
,,,,,,,,,,,,,,,,,,,,,,,,,,,,FALSE,FALSE,,,,,,
,,,,,,,,,,,,,,,,,,,,,,,,,,,,FALSE,FALSE,,,,,,
,,,,,,,,,,,,,,,,,,,,,,,,,,,,FALSE,FALSE,,,,,,
,,,,,,,,,,,,,,,,,,,,,,,,,,,,FALSE,FALSE,,,,,,
,,,,,,,,,,,,,,,,,,,,,,,,,,,,FALSE,FALSE,,,,,,
,,,,,,,,,,,,,,,,,,,,,,,,,,,,FALSE,FALSE,,,,,,
,,,,,,,,,,,,,,,,,,,,,,,,,,,,FALSE,FALSE,,,,,,
,,,,,,,,,,,,,,,,,,,,,,,,,,,,FALSE,FALSE,,,,,,
,,,,,,,,,,,,,,,,,,,,,,,,,,,,FALSE,FALSE,,,,,,
,,,,,,,,,,,,,,,,,,,,,,,,,,,,FALSE,FALSE,,,,,,
,,,,,,,,,,,,,,,,,,,,,,,,,,,,FALSE,FALSE,,,,,,
,,,,,,,,,,,,,,,,,,,,,,,,,,,,FALSE,FALSE,,,,,,
,,,,,,,,,,,,,,,,,,,,,,,,,,,,FALSE,FALSE,,,,,,
,,,,,,,,,,,,,,,,,,,,,,,,,,,,FALSE,FALSE,,,,,,
,,,,,,,,,,,,,,,,,,,,,,,,,,,,FALSE,FALSE,,,,,,
,,,,,,,,,,,,,,,,,,,,,,,,,,,,FALSE,FALSE,,,,,,
,,,,,,,,,,,,,,,,,,,,,,,,,,,,FALSE,FALSE,,,,,,
,,,,,,,,,,,,,,,,,,,,,,,,,,,,FALSE,FALSE,,,,,,
,,,,,,,,,,,,,,,,,,,,,,,,,,,,FALSE,FALSE,,,,,,
,,,,,,,,,,,,,,,,,,,,,,,,,,,,FALSE,FALSE,,,,,,
,,,,,,,,,,,,,,,,,,,,,,,,,,,,FALSE,FALSE,,,,,,
,,,,,,,,,,,,,,,,,,,,,,,,,,,,FALSE,FALSE,,,,,,
,,,,,,,,,,,,,,,,,,,,,,,,,,,,FALSE,FALSE,,,,,,
,,,,,,,,,,,,,,,,,,,,,,,,,,,,FALSE,FALSE,,,,,,
,,,,,,,,,,,,,,,,,,,,,,,,,,,,FALSE,FALSE,,,,,,
,,,,,,,,,,,,,,,,,,,,,,,,,,,,FALSE,FALSE,,,,,,
,,,,,,,,,,,,,,,,,,,,,,,,,,,,FALSE,FALSE,,,,,,
,,,,,,,,,,,,,,,,,,,,,,,,,,,,FALSE,FALSE,,,,,,
,,,,,,,,,,,,,,,,,,,,,,,,,,,,FALSE,FALSE,,,,,,
,,,,,,,,,,,,,,,,,,,,,,,,,,,,FALSE,FALSE,,,,,,
,,,,,,,,,,,,,,,,,,,,,,,,,,,,FALSE,FALSE,,,,,,
,,,,,,,,,,,,,,,,,,,,,,,,,,,,FALSE,FALSE,,,,,,
,,,,,,,,,,,,,,,,,,,,,,,,,,,,FALSE,FALSE,,,,,,
,,,,,,,,,,,,,,,,,,,,,,,,,,,,FALSE,FALSE,,,,,,
,,,,,,,,,,,,,,,,,,,,,,,,,,,,FALSE,FALSE,,,,,,
,,,,,,,,,,,,,,,,,,,,,,,,,,,,FALSE,FALSE,,,,,,
,,,,,,,,,,,,,,,,,,,,,,,,,,,,FALSE,FALSE,,,,,,
,,,,,,,,,,,,,,,,,,,,,,,,,,,,FALSE,FALSE,,,,,,
,,,,,,,,,,,,,,,,,,,,,,,,,,,,FALSE,FALSE,,,,,,
,,,,,,,,,,,,,,,,,,,,,,,,,,,,FALSE,FALSE,,,,,,
,,,,,,,,,,,,,,,,,,,,,,,,,,,,FALSE,FALSE,,,,,,
,,,,,,,,,,,,,,,,,,,,,,,,,,,,FALSE,FALSE,,,,,,
,,,,,,,,,,,,,,,,,,,,,,,,,,,,FALSE,FALSE,,,,,,
,,,,,,,,,,,,,,,,,,,,,,,,,,,,FALSE,FALSE,,,,,,
,,,,,,,,,,,,,,,,,,,,,,,,,,,,FALSE,FALSE,,,,,,
,,,,,,,,,,,,,,,,,,,,,,,,,,,,FALSE,FALSE,,,,,,
,,,,,,,,,,,,,,,,,,,,,,,,,,,,FALSE,FALSE,,,,,,
,,,,,,,,,,,,,,,,,,,,,,,,,,,,FALSE,FALSE,,,,,,
,,,,,,,,,,,,,,,,,,,,,,,,,,,,FALSE,FALSE,,,,,,
,,,,,,,,,,,,,,,,,,,,,,,,,,,,FALSE,FALSE,,,,,,
,,,,,,,,,,,,,,,,,,,,,,,,,,,,FALSE,FALSE,,,,,,
,,,,,,,,,,,,,,,,,,,,,,,,,,,,FALSE,FALSE,,,,,,
,,,,,,,,,,,,,,,,,,,,,,,,,,,,FALSE,FALSE,,,,,,
,,,,,,,,,,,,,,,,,,,,,,,,,,,,FALSE,FALSE,,,,,,
,,,,,,,,,,,,,,,,,,,,,,,,,,,,FALSE,FALSE,,,,,,
,,,,,,,,,,,,,,,,,,,,,,,,,,,,FALSE,FALSE,,,,,,
,,,,,,,,,,,,,,,,,,,,,,,,,,,,FALSE,FALSE,,,,,,
,,,,,,,,,,,,,,,,,,,,,,,,,,,,FALSE,FALSE,,,,,,
,,,,,,,,,,,,,,,,,,,,,,,,,,,,FALSE,FALSE,,,,,,
,,,,,,,,,,,,,,,,,,,,,,,,,,,,FALSE,FALSE,,,,,,
,,,,,,,,,,,,,,,,,,,,,,,,,,,,FALSE,FALSE,,,,,,
,,,,,,,,,,,,,,,,,,,,,,,,,,,,FALSE,FALSE,,,,,,
,,,,,,,,,,,,,,,,,,,,,,,,,,,,FALSE,FALSE,,,,,,
,,,,,,,,,,,,,,,,,,,,,,,,,,,,FALSE,FALSE,,,,,,
,,,,,,,,,,,,,,,,,,,,,,,,,,,,FALSE,FALSE,,,,,,
,,,,,,,,,,,,,,,,,,,,,,,,,,,,FALSE,FALSE,,,,,,
,,,,,,,,,,,,,,,,,,,,,,,,,,,,FALSE,FALSE,,,,,,
,,,,,,,,,,,,,,,,,,,,,,,,,,,,FALSE,FALSE,,,,,,
,,,,,,,,,,,,,,,,,,,,,,,,,,,,FALSE,FALSE,,,,,,
,,,,,,,,,,,,,,,,,,,,,,,,,,,,FALSE,FALSE,,,,,,
,,,,,,,,,,,,,,,,,,,,,,,,,,,,FALSE,FALSE,,,,,,
,,,,,,,,,,,,,,,,,,,,,,,,,,,,FALSE,FALSE,,,,,,
,,,,,,,,,,,,,,,,,,,,,,,,,,,,FALSE,FALSE,,,,,,
,,,,,,,,,,,,,,,,,,,,,,,,,,,,FALSE,FALSE,,,,,,
,,,,,,,,,,,,,,,,,,,,,,,,,,,,FALSE,FALSE,,,,,,
,,,,,,,,,,,,,,,,,,,,,,,,,,,,FALSE,FALSE,,,,,,
,,,,,,,,,,,,,,,,,,,,,,,,,,,,FALSE,FALSE,,,,,,
,,,,,,,,,,,,,,,,,,,,,,,,,,,,FALSE,FALSE,,,,,,
,,,,,,,,,,,,,,,,,,,,,,,,,,,,FALSE,FALSE,,,,,,
,,,,,,,,,,,,,,,,,,,,,,,,,,,,FALSE,FALSE,,,,,,
,,,,,,,,,,,,,,,,,,,,,,,,,,,,FALSE,FALSE,,,,,,
,,,,,,,,,,,,,,,,,,,,,,,,,,,,FALSE,FALSE,,,,,,
,,,,,,,,,,,,,,,,,,,,,,,,,,,,FALSE,FALSE,,,,,,
,,,,,,,,,,,,,,,,,,,,,,,,,,,,FALSE,FALSE,,,,,,
,,,,,,,,,,,,,,,,,,,,,,,,,,,,FALSE,FALSE,,,,,,
,,,,,,,,,,,,,,,,,,,,,,,,,,,,FALSE,FALSE,,,,,,
,,,,,,,,,,,,,,,,,,,,,,,,,,,,FALSE,FALSE,,,,,,
,,,,,,,,,,,,,,,,,,,,,,,,,,,,FALSE,FALSE,,,,,,
,,,,,,,,,,,,,,,,,,,,,,,,,,,,FALSE,FALSE,,,,,,
,,,,,,,,,,,,,,,,,,,,,,,,,,,,FALSE,FALSE,,,,,,
,,,,,,,,,,,,,,,,,,,,,,,,,,,,FALSE,FALSE,,,,,,
,,,,,,,,,,,,,,,,,,,,,,,,,,,,FALSE,FALSE,,,,,,
,,,,,,,,,,,,,,,,,,,,,,,,,,,,FALSE,FALSE,,,,,,
,,,,,,,,,,,,,,,,,,,,,,,,,,,,FALSE,FALSE,,,,,,
,,,,,,,,,,,,,,,,,,,,,,,,,,,,FALSE,FALSE,,,,,,
,,,,,,,,,,,,,,,,,,,,,,,,,,,,FALSE,FALSE,,,,,,
,,,,,,,,,,,,,,,,,,,,,,,,,,,,FALSE,FALSE,,,,,,
,,,,,,,,,,,,,,,,,,,,,,,,,,,,FALSE,FALSE,,,,,,
,,,,,,,,,,,,,,,,,,,,,,,,,,,,FALSE,FALSE,,,,,,
,,,,,,,,,,,,,,,,,,,,,,,,,,,,FALSE,FALSE,,,,,,
,,,,,,,,,,,,,,,,,,,,,,,,,,,,FALSE,FALSE,,,,,,
,,,,,,,,,,,,,,,,,,,,,,,,,,,,FALSE,FALSE,,,,,,
,,,,,,,,,,,,,,,,,,,,,,,,,,,,FALSE,FALSE,,,,,,
,,,,,,,,,,,,,,,,,,,,,,,,,,,,FALSE,FALSE,,,,,,
,,,,,,,,,,,,,,,,,,,,,,,,,,,,FALSE,FALSE,,,,,,
,,,,,,,,,,,,,,,,,,,,,,,,,,,,FALSE,FALSE,,,,,,
,,,,,,,,,,,,,,,,,,,,,,,,,,,,FALSE,FALSE,,,,,,
,,,,,,,,,,,,,,,,,,,,,,,,,,,,FALSE,FALSE,,,,,,
,,,,,,,,,,,,,,,,,,,,,,,,,,,,FALSE,FALSE,,,,,,
,,,,,,,,,,,,,,,,,,,,,,,,,,,,FALSE,FALSE,,,,,,
,,,,,,,,,,,,,,,,,,,,,,,,,,,,FALSE,FALSE,,,,,,
,,,,,,,,,,,,,,,,,,,,,,,,,,,,FALSE,FALSE,,,,,,
,,,,,,,,,,,,,,,,,,,,,,,,,,,,FALSE,FALSE,,,,,,
,,,,,,,,,,,,,,,,,,,,,,,,,,,,FALSE,FALSE,,,,,,
,,,,,,,,,,,,,,,,,,,,,,,,,,,,FALSE,FALSE,,,,,,
,,,,,,,,,,,,,,,,,,,,,,,,,,,,FALSE,FALSE,,,,,,
,,,,,,,,,,,,,,,,,,,,,,,,,,,,FALSE,FALSE,,,,,,
,,,,,,,,,,,,,,,,,,,,,,,,,,,,FALSE,FALSE,,,,,,
,,,,,,,,,,,,,,,,,,,,,,,,,,,,FALSE,FALSE,,,,,,
,,,,,,,,,,,,,,,,,,,,,,,,,,,,FALSE,FALSE,,,,,,
,,,,,,,,,,,,,,,,,,,,,,,,,,,,FALSE,FALSE,,,,,,
,,,,,,,,,,,,,,,,,,,,,,,,,,,,FALSE,FALSE,,,,,,
,,,,,,,,,,,,,,,,,,,,,,,,,,,,FALSE,FALSE,,,,,,
,,,,,,,,,,,,,,,,,,,,,,,,,,,,FALSE,FALSE,,,,,,
,,,,,,,,,,,,,,,,,,,,,,,,,,,,FALSE,FALSE,,,,,,
,,,,,,,,,,,,,,,,,,,,,,,,,,,,FALSE,FALSE,,,,,,
,,,,,,,,,,,,,,,,,,,,,,,,,,,,FALSE,FALSE,,,,,,
,,,,,,,,,,,,,,,,,,,,,,,,,,,,FALSE,FALSE,,,,,,
,,,,,,,,,,,,,,,,,,,,,,,,,,,,FALSE,FALSE,,,,,,
,,,,,,,,,,,,,,,,,,,,,,,,,,,,FALSE,FALSE,,,,,,
,,,,,,,,,,,,,,,,,,,,,,,,,,,,FALSE,FALSE,,,,,,
,,,,,,,,,,,,,,,,,,,,,,,,,,,,FALSE,FALSE,,,,,,
,,,,,,,,,,,,,,,,,,,,,,,,,,,,FALSE,FALSE,,,,,,
,,,,,,,,,,,,,,,,,,,,,,,,,,,,FALSE,FALSE,,,,,,
,,,,,,,,,,,,,,,,,,,,,,,,,,,,FALSE,FALSE,,,,,,
,,,,,,,,,,,,,,,,,,,,,,,,,,,,FALSE,FALSE,,,,,,
,,,,,,,,,,,,,,,,,,,,,,,,,,,,FALSE,FALSE,,,,,,
,,,,,,,,,,,,,,,,,,,,,,,,,,,,FALSE,FALSE,,,,,,
,,,,,,,,,,,,,,,,,,,,,,,,,,,,FALSE,FALSE,,,,,,
,,,,,,,,,,,,,,,,,,,,,,,,,,,,FALSE,FALSE,,,,,,
,,,,,,,,,,,,,,,,,,,,,,,,,,,,FALSE,FALSE,,,,,,
,,,,,,,,,,,,,,,,,,,,,,,,,,,,FALSE,FALSE,,,,,,
,,,,,,,,,,,,,,,,,,,,,,,,,,,,FALSE,FALSE,,,,,,
,,,,,,,,,,,,,,,,,,,,,,,,,,,,FALSE,FALSE,,,,,,
,,,,,,,,,,,,,,,,,,,,,,,,,,,,FALSE,FALSE,,,,,,
,,,,,,,,,,,,,,,,,,,,,,,,,,,,FALSE,FALSE,,,,,,
,,,,,,,,,,,,,,,,,,,,,,,,,,,,FALSE,FALSE,,,,,,
,,,,,,,,,,,,,,,,,,,,,,,,,,,,FALSE,FALSE,,,,,,
,,,,,,,,,,,,,,,,,,,,,,,,,,,,FALSE,FALSE,,,,,,
,,,,,,,,,,,,,,,,,,,,,,,,,,,,FALSE,FALSE,,,,,,
,,,,,,,,,,,,,,,,,,,,,,,,,,,,FALSE,FALSE,,,,,,
,,,,,,,,,,,,,,,,,,,,,,,,,,,,FALSE,FALSE,,,,,,
,,,,,,,,,,,,,,,,,,,,,,,,,,,,FALSE,FALSE,,,,,,
,,,,,,,,,,,,,,,,,,,,,,,,,,,,FALSE,FALSE,,,,,,
,,,,,,,,,,,,,,,,,,,,,,,,,,,,FALSE,FALSE,,,,,,
,,,,,,,,,,,,,,,,,,,,,,,,,,,,FALSE,FALSE,,,,,,
,,,,,,,,,,,,,,,,,,,,,,,,,,,,FALSE,FALSE,,,,,,
,,,,,,,,,,,,,,,,,,,,,,,,,,,,FALSE,FALSE,,,,,,
,,,,,,,,,,,,,,,,,,,,,,,,,,,,FALSE,FALSE,,,,,,
,,,,,,,,,,,,,,,,,,,,,,,,,,,,FALSE,FALSE,,,,,,
,,,,,,,,,,,,,,,,,,,,,,,,,,,,FALSE,FALSE,,,,,,
,,,,,,,,,,,,,,,,,,,,,,,,,,,,FALSE,FALSE,,,,,,
,,,,,,,,,,,,,,,,,,,,,,,,,,,,FALSE,FALSE,,,,,,
,,,,,,,,,,,,,,,,,,,,,,,,,,,,FALSE,FALSE,,,,,,
,,,,,,,,,,,,,,,,,,,,,,,,,,,,FALSE,FALSE,,,,,,
,,,,,,,,,,,,,,,,,,,,,,,,,,,,FALSE,FALSE,,,,,,
,,,,,,,,,,,,,,,,,,,,,,,,,,,,FALSE,FALSE,,,,,,
,,,,,,,,,,,,,,,,,,,,,,,,,,,,FALSE,FALSE,,,,,,
,,,,,,,,,,,,,,,,,,,,,,,,,,,,FALSE,FALSE,,,,,,
,,,,,,,,,,,,,,,,,,,,,,,,,,,,FALSE,FALSE,,,,,,
,,,,,,,,,,,,,,,,,,,,,,,,,,,,FALSE,FALSE,,,,,,
,,,,,,,,,,,,,,,,,,,,,,,,,,,,FALSE,FALSE,,,,,,
,,,,,,,,,,,,,,,,,,,,,,,,,,,,FALSE,FALSE,,,,,,
,,,,,,,,,,,,,,,,,,,,,,,,,,,,FALSE,FALSE,,,,,,
,,,,,,,,,,,,,,,,,,,,,,,,,,,,FALSE,FALSE,,,,,,
,,,,,,,,,,,,,,,,,,,,,,,,,,,,FALSE,FALSE,,,,,,
,,,,,,,,,,,,,,,,,,,,,,,,,,,,FALSE,FALSE,,,,,,
,,,,,,,,,,,,,,,,,,,,,,,,,,,,FALSE,FALSE,,,,,,
,,,,,,,,,,,,,,,,,,,,,,,,,,,,FALSE,FALSE,,,,,,
,,,,,,,,,,,,,,,,,,,,,,,,,,,,FALSE,FALSE,,,,,,
,,,,,,,,,,,,,,,,,,,,,,,,,,,,FALSE,FALSE,,,,,,
,,,,,,,,,,,,,,,,,,,,,,,,,,,,FALSE,FALSE,,,,,,
,,,,,,,,,,,,,,,,,,,,,,,,,,,,FALSE,FALSE,,,,,,
,,,,,,,,,,,,,,,,,,,,,,,,,,,,FALSE,FALSE,,,,,,
,,,,,,,,,,,,,,,,,,,,,,,,,,,,FALSE,FALSE,,,,,,
,,,,,,,,,,,,,,,,,,,,,,,,,,,,FALSE,FALSE,,,,,,
,,,,,,,,,,,,,,,,,,,,,,,,,,,,FALSE,FALSE,,,,,,
,,,,,,,,,,,,,,,,,,,,,,,,,,,,FALSE,FALSE,,,,,,
,,,,,,,,,,,,,,,,,,,,,,,,,,,,FALSE,FALSE,,,,,,
,,,,,,,,,,,,,,,,,,,,,,,,,,,,FALSE,FALSE,,,,,,
,,,,,,,,,,,,,,,,,,,,,,,,,,,,FALSE,FALSE,,,,,,
,,,,,,,,,,,,,,,,,,,,,,,,,,,,FALSE,FALSE,,,,,,
,,,,,,,,,,,,,,,,,,,,,,,,,,,,FALSE,FALSE,,,,,,
,,,,,,,,,,,,,,,,,,,,,,,,,,,,FALSE,FALSE,,,,,,
,,,,,,,,,,,,,,,,,,,,,,,,,,,,FALSE,FALSE,,,,,,
,,,,,,,,,,,,,,,,,,,,,,,,,,,,FALSE,FALSE,,,,,,
,,,,,,,,,,,,,,,,,,,,,,,,,,,,FALSE,FALSE,,,,,,
,,,,,,,,,,,,,,,,,,,,,,,,,,,,FALSE,FALSE,,,,,,
,,,,,,,,,,,,,,,,,,,,,,,,,,,,FALSE,FALSE,,,,,,
,,,,,,,,,,,,,,,,,,,,,,,,,,,,FALSE,FALSE,,,,,,
,,,,,,,,,,,,,,,,,,,,,,,,,,,,FALSE,FALSE,,,,,,
,,,,,,,,,,,,,,,,,,,,,,,,,,,,FALSE,FALSE,,,,,,
,,,,,,,,,,,,,,,,,,,,,,,,,,,,FALSE,FALSE,,,,,,
,,,,,,,,,,,,,,,,,,,,,,,,,,,,FALSE,FALSE,,,,,,
,,,,,,,,,,,,,,,,,,,,,,,,,,,,FALSE,FALSE,,,,,,
,,,,,,,,,,,,,,,,,,,,,,,,,,,,FALSE,FALSE,,,,,,
,,,,,,,,,,,,,,,,,,,,,,,,,,,,FALSE,FALSE,,,,,,
,,,,,,,,,,,,,,,,,,,,,,,,,,,,FALSE,FALSE,,,,,,
,,,,,,,,,,,,,,,,,,,,,,,,,,,,FALSE,FALSE,,,,,,
,,,,,,,,,,,,,,,,,,,,,,,,,,,,FALSE,FALSE,,,,,,
,,,,,,,,,,,,,,,,,,,,,,,,,,,,FALSE,FALSE,,,,,,
,,,,,,,,,,,,,,,,,,,,,,,,,,,,FALSE,FALSE,,,,,,
,,,,,,,,,,,,,,,,,,,,,,,,,,,,FALSE,FALSE,,,,,,
,,,,,,,,,,,,,,,,,,,,,,,,,,,,FALSE,FALSE,,,,,,
,,,,,,,,,,,,,,,,,,,,,,,,,,,,FALSE,FALSE,,,,,,
,,,,,,,,,,,,,,,,,,,,,,,,,,,,FALSE,FALSE,,,,,,
,,,,,,,,,,,,,,,,,,,,,,,,,,,,FALSE,FALSE,,,,,,
,,,,,,,,,,,,,,,,,,,,,,,,,,,,FALSE,FALSE,,,,,,
,,,,,,,,,,,,,,,,,,,,,,,,,,,,FALSE,FALSE,,,,,,
,,,,,,,,,,,,,,,,,,,,,,,,,,,,FALSE,FALSE,,,,,,
,,,,,,,,,,,,,,,,,,,,,,,,,,,,FALSE,FALSE,,,,,,
,,,,,,,,,,,,,,,,,,,,,,,,,,,,FALSE,FALSE,,,,,,
,,,,,,,,,,,,,,,,,,,,,,,,,,,,FALSE,FALSE,,,,,,
,,,,,,,,,,,,,,,,,,,,,,,,,,,,FALSE,FALSE,,,,,,
,,,,,,,,,,,,,,,,,,,,,,,,,,,,FALSE,FALSE,,,,,,
,,,,,,,,,,,,,,,,,,,,,,,,,,,,FALSE,FALSE,,,,,,
,,,,,,,,,,,,,,,,,,,,,,,,,,,,FALSE,FALSE,,,,,,
,,,,,,,,,,,,,,,,,,,,,,,,,,,,FALSE,FALSE,,,,,,
,,,,,,,,,,,,,,,,,,,,,,,,,,,,FALSE,FALSE,,,,,,
,,,,,,,,,,,,,,,,,,,,,,,,,,,,FALSE,FALSE,,,,,,
,,,,,,,,,,,,,,,,,,,,,,,,,,,,FALSE,FALSE,,,,,,
,,,,,,,,,,,,,,,,,,,,,,,,,,,,FALSE,FALSE,,,,,,
,,,,,,,,,,,,,,,,,,,,,,,,,,,,FALSE,FALSE,,,,,,
,,,,,,,,,,,,,,,,,,,,,,,,,,,,FALSE,FALSE,,,,,,
,,,,,,,,,,,,,,,,,,,,,,,,,,,,FALSE,FALSE,,,,,,
,,,,,,,,,,,,,,,,,,,,,,,,,,,,FALSE,FALSE,,,,,,
,,,,,,,,,,,,,,,,,,,,,,,,,,,,FALSE,FALSE,,,,,,
,,,,,,,,,,,,,,,,,,,,,,,,,,,,FALSE,FALSE,,,,,,
,,,,,,,,,,,,,,,,,,,,,,,,,,,,FALSE,FALSE,,,,,,
,,,,,,,,,,,,,,,,,,,,,,,,,,,,FALSE,FALSE,,,,,,
,,,,,,,,,,,,,,,,,,,,,,,,,,,,FALSE,FALSE,,,,,,
,,,,,,,,,,,,,,,,,,,,,,,,,,,,FALSE,FALSE,,,,,,
,,,,,,,,,,,,,,,,,,,,,,,,,,,,FALSE,FALSE,,,,,,
,,,,,,,,,,,,,,,,,,,,,,,,,,,,FALSE,FALSE,,,,,,
,,,,,,,,,,,,,,,,,,,,,,,,,,,,FALSE,FALSE,,,,,,
,,,,,,,,,,,,,,,,,,,,,,,,,,,,FALSE,FALSE,,,,,,
,,,,,,,,,,,,,,,,,,,,,,,,,,,,FALSE,FALSE,,,,,,
,,,,,,,,,,,,,,,,,,,,,,,,,,,,FALSE,FALSE,,,,,,
,,,,,,,,,,,,,,,,,,,,,,,,,,,,FALSE,FALSE,,,,,,
,,,,,,,,,,,,,,,,,,,,,,,,,,,,FALSE,FALSE,,,,,,
,,,,,,,,,,,,,,,,,,,,,,,,,,,,FALSE,FALSE,,,,,,
,,,,,,,,,,,,,,,,,,,,,,,,,,,,FALSE,FALSE,,,,,,
,,,,,,,,,,,,,,,,,,,,,,,,,,,,FALSE,FALSE,,,,,,
,,,,,,,,,,,,,,,,,,,,,,,,,,,,FALSE,FALSE,,,,,,
,,,,,,,,,,,,,,,,,,,,,,,,,,,,FALSE,FALSE,,,,,,
,,,,,,,,,,,,,,,,,,,,,,,,,,,,FALSE,FALSE,,,,,,
,,,,,,,,,,,,,,,,,,,,,,,,,,,,FALSE,FALSE,,,,,,
,,,,,,,,,,,,,,,,,,,,,,,,,,,,FALSE,FALSE,,,,,,
,,,,,,,,,,,,,,,,,,,,,,,,,,,,FALSE,FALSE,,,,,,
,,,,,,,,,,,,,,,,,,,,,,,,,,,,FALSE,FALSE,,,,,,
,,,,,,,,,,,,,,,,,,,,,,,,,,,,FALSE,FALSE,,,,,,
,,,,,,,,,,,,,,,,,,,,,,,,,,,,FALSE,FALSE,,,,,,
,,,,,,,,,,,,,,,,,,,,,,,,,,,,FALSE,FALSE,,,,,,
,,,,,,,,,,,,,,,,,,,,,,,,,,,,FALSE,FALSE,,,,,,
,,,,,,,,,,,,,,,,,,,,,,,,,,,,FALSE,FALSE,,,,,,
,,,,,,,,,,,,,,,,,,,,,,,,,,,,FALSE,FALSE,,,,,,
,,,,,,,,,,,,,,,,,,,,,,,,,,,,FALSE,FALSE,,,,,,
,,,,,,,,,,,,,,,,,,,,,,,,,,,,FALSE,FALSE,,,,,,
,,,,,,,,,,,,,,,,,,,,,,,,,,,,FALSE,FALSE,,,,,,
,,,,,,,,,,,,,,,,,,,,,,,,,,,,FALSE,FALSE,,,,,,
,,,,,,,,,,,,,,,,,,,,,,,,,,,,FALSE,FALSE,,,,,,
,,,,,,,,,,,,,,,,,,,,,,,,,,,,FALSE,FALSE,,,,,,
,,,,,,,,,,,,,,,,,,,,,,,,,,,,FALSE,FALSE,,,,,,
,,,,,,,,,,,,,,,,,,,,,,,,,,,,FALSE,FALSE,,,,,,
,,,,,,,,,,,,,,,,,,,,,,,,,,,,FALSE,FALSE,,,,,,
,,,,,,,,,,,,,,,,,,,,,,,,,,,,FALSE,FALSE,,,,,,
,,,,,,,,,,,,,,,,,,,,,,,,,,,,FALSE,FALSE,,,,,,
,,,,,,,,,,,,,,,,,,,,,,,,,,,,FALSE,FALSE,,,,,,
,,,,,,,,,,,,,,,,,,,,,,,,,,,,FALSE,FALSE,,,,,,
,,,,,,,,,,,,,,,,,,,,,,,,,,,,FALSE,FALSE,,,,,,
,,,,,,,,,,,,,,,,,,,,,,,,,,,,FALSE,FALSE,,,,,,
,,,,,,,,,,,,,,,,,,,,,,,,,,,,FALSE,FALSE,,,,,,
,,,,,,,,,,,,,,,,,,,,,,,,,,,,FALSE,FALSE,,,,,,
,,,,,,,,,,,,,,,,,,,,,,,,,,,,FALSE,FALSE,,,,,,
,,,,,,,,,,,,,,,,,,,,,,,,,,,,FALSE,FALSE,,,,,,
,,,,,,,,,,,,,,,,,,,,,,,,,,,,FALSE,FALSE,,,,,,
,,,,,,,,,,,,,,,,,,,,,,,,,,,,FALSE,FALSE,,,,,,
,,,,,,,,,,,,,,,,,,,,,,,,,,,,FALSE,FALSE,,,,,,
,,,,,,,,,,,,,,,,,,,,,,,,,,,,FALSE,FALSE,,,,,,
,,,,,,,,,,,,,,,,,,,,,,,,,,,,FALSE,FALSE,,,,,,
,,,,,,,,,,,,,,,,,,,,,,,,,,,,FALSE,FALSE,,,,,,
,,,,,,,,,,,,,,,,,,,,,,,,,,,,FALSE,FALSE,,,,,,
,,,,,,,,,,,,,,,,,,,,,,,,,,,,FALSE,FALSE,,,,,,
,,,,,,,,,,,,,,,,,,,,,,,,,,,,FALSE,FALSE,,,,,,
,,,,,,,,,,,,,,,,,,,,,,,,,,,,FALSE,FALSE,,,,,,
,,,,,,,,,,,,,,,,,,,,,,,,,,,,FALSE,FALSE,,,,,,
,,,,,,,,,,,,,,,,,,,,,,,,,,,,FALSE,FALSE,,,,,,
,,,,,,,,,,,,,,,,,,,,,,,,,,,,FALSE,FALSE,,,,,,
,,,,,,,,,,,,,,,,,,,,,,,,,,,,FALSE,FALSE,,,,,,
,,,,,,,,,,,,,,,,,,,,,,,,,,,,FALSE,FALSE,,,,,,
,,,,,,,,,,,,,,,,,,,,,,,,,,,,FALSE,FALSE,,,,,,
,,,,,,,,,,,,,,,,,,,,,,,,,,,,FALSE,FALSE,,,,,,
,,,,,,,,,,,,,,,,,,,,,,,,,,,,FALSE,FALSE,,,,,,
,,,,,,,,,,,,,,,,,,,,,,,,,,,,FALSE,FALSE,,,,,,
,,,,,,,,,,,,,,,,,,,,,,,,,,,,FALSE,FALSE,,,,,,
,,,,,,,,,,,,,,,,,,,,,,,,,,,,FALSE,FALSE,,,,,,
,,,,,,,,,,,,,,,,,,,,,,,,,,,,FALSE,FALSE,,,,,,
,,,,,,,,,,,,,,,,,,,,,,,,,,,,FALSE,FALSE,,,,,,
,,,,,,,,,,,,,,,,,,,,,,,,,,,,FALSE,FALSE,,,,,,
,,,,,,,,,,,,,,,,,,,,,,,,,,,,FALSE,FALSE,,,,,,
,,,,,,,,,,,,,,,,,,,,,,,,,,,,FALSE,FALSE,,,,,,
,,,,,,,,,,,,,,,,,,,,,,,,,,,,FALSE,FALSE,,,,,,
,,,,,,,,,,,,,,,,,,,,,,,,,,,,FALSE,FALSE,,,,,,
,,,,,,,,,,,,,,,,,,,,,,,,,,,,FALSE,FALSE,,,,,,
,,,,,,,,,,,,,,,,,,,,,,,,,,,,FALSE,FALSE,,,,,,
,,,,,,,,,,,,,,,,,,,,,,,,,,,,FALSE,FALSE,,,,,,
,,,,,,,,,,,,,,,,,,,,,,,,,,,,FALSE,FALSE,,,,,,
,,,,,,,,,,,,,,,,,,,,,,,,,,,,FALSE,FALSE,,,,,,
,,,,,,,,,,,,,,,,,,,,,,,,,,,,FALSE,FALSE,,,,,,
,,,,,,,,,,,,,,,,,,,,,,,,,,,,FALSE,FALSE,,,,,,
,,,,,,,,,,,,,,,,,,,,,,,,,,,,FALSE,FALSE,,,,,,
,,,,,,,,,,,,,,,,,,,,,,,,,,,,FALSE,FALSE,,,,,,
,,,,,,,,,,,,,,,,,,,,,,,,,,,,FALSE,FALSE,,,,,,
,,,,,,,,,,,,,,,,,,,,,,,,,,,,FALSE,FALSE,,,,,,
,,,,,,,,,,,,,,,,,,,,,,,,,,,,FALSE,FALSE,,,,,,
,,,,,,,,,,,,,,,,,,,,,,,,,,,,FALSE,FALSE,,,,,,
,,,,,,,,,,,,,,,,,,,,,,,,,,,,FALSE,FALSE,,,,,,
,,,,,,,,,,,,,,,,,,,,,,,,,,,,FALSE,FALSE,,,,,,
,,,,,,,,,,,,,,,,,,,,,,,,,,,,FALSE,FALSE,,,,,,
,,,,,,,,,,,,,,,,,,,,,,,,,,,,FALSE,FALSE,,,,,,
,,,,,,,,,,,,,,,,,,,,,,,,,,,,FALSE,FALSE,,,,,,
,,,,,,,,,,,,,,,,,,,,,,,,,,,,FALSE,FALSE,,,,,,
,,,,,,,,,,,,,,,,,,,,,,,,,,,,FALSE,FALSE,,,,,,
,,,,,,,,,,,,,,,,,,,,,,,,,,,,FALSE,FALSE,,,,,,
,,,,,,,,,,,,,,,,,,,,,,,,,,,,FALSE,FALSE,,,,,,
,,,,,,,,,,,,,,,,,,,,,,,,,,,,FALSE,FALSE,,,,,,
,,,,,,,,,,,,,,,,,,,,,,,,,,,,FALSE,FALSE,,,,,,
,,,,,,,,,,,,,,,,,,,,,,,,,,,,FALSE,FALSE,,,,,,
,,,,,,,,,,,,,,,,,,,,,,,,,,,,FALSE,FALSE,,,,,,
,,,,,,,,,,,,,,,,,,,,,,,,,,,,FALSE,FALSE,,,,,,
,,,,,,,,,,,,,,,,,,,,,,,,,,,,FALSE,FALSE,,,,,,
,,,,,,,,,,,,,,,,,,,,,,,,,,,,FALSE,FALSE,,,,,,
,,,,,,,,,,,,,,,,,,,,,,,,,,,,FALSE,FALSE,,,,,,
,,,,,,,,,,,,,,,,,,,,,,,,,,,,FALSE,FALSE,,,,,,
,,,,,,,,,,,,,,,,,,,,,,,,,,,,FALSE,FALSE,,,,,,
,,,,,,,,,,,,,,,,,,,,,,,,,,,,FALSE,FALSE,,,,,,
,,,,,,,,,,,,,,,,,,,,,,,,,,,,FALSE,FALSE,,,,,,
,,,,,,,,,,,,,,,,,,,,,,,,,,,,FALSE,FALSE,,,,,,
,,,,,,,,,,,,,,,,,,,,,,,,,,,,FALSE,FALSE,,,,,,
,,,,,,,,,,,,,,,,,,,,,,,,,,,,FALSE,FALSE,,,,,,
,,,,,,,,,,,,,,,,,,,,,,,,,,,,FALSE,FALSE,,,,,,
,,,,,,,,,,,,,,,,,,,,,,,,,,,,FALSE,FALSE,,,,,,
,,,,,,,,,,,,,,,,,,,,,,,,,,,,FALSE,FALSE,,,,,,
,,,,,,,,,,,,,,,,,,,,,,,,,,,,FALSE,FALSE,,,,,,
,,,,,,,,,,,,,,,,,,,,,,,,,,,,FALSE,FALSE,,,,,,
,,,,,,,,,,,,,,,,,,,,,,,,,,,,FALSE,FALSE,,,,,,
,,,,,,,,,,,,,,,,,,,,,,,,,,,,FALSE,FALSE,,,,,,
,,,,,,,,,,,,,,,,,,,,,,,,,,,,FALSE,FALSE,,,,,,
,,,,,,,,,,,,,,,,,,,,,,,,,,,,FALSE,FALSE,,,,,,
,,,,,,,,,,,,,,,,,,,,,,,,,,,,FALSE,FALSE,,,,,,
,,,,,,,,,,,,,,,,,,,,,,,,,,,,FALSE,FALSE,,,,,,
,,,,,,,,,,,,,,,,,,,,,,,,,,,,FALSE,FALSE,,,,,,
,,,,,,,,,,,,,,,,,,,,,,,,,,,,FALSE,FALSE,,,,,,
,,,,,,,,,,,,,,,,,,,,,,,,,,,,FALSE,FALSE,,,,,,
,,,,,,,,,,,,,,,,,,,,,,,,,,,,FALSE,FALSE,,,,,,
,,,,,,,,,,,,,,,,,,,,,,,,,,,,FALSE,FALSE,,,,,,
,,,,,,,,,,,,,,,,,,,,,,,,,,,,FALSE,FALSE,,,,,,
,,,,,,,,,,,,,,,,,,,,,,,,,,,,FALSE,FALSE,,,,,,
,,,,,,,,,,,,,,,,,,,,,,,,,,,,FALSE,FALSE,,,,,,
,,,,,,,,,,,,,,,,,,,,,,,,,,,,FALSE,FALSE,,,,,,
,,,,,,,,,,,,,,,,,,,,,,,,,,,,FALSE,FALSE,,,,,,
,,,,,,,,,,,,,,,,,,,,,,,,,,,,FALSE,FALSE,,,,,,
,,,,,,,,,,,,,,,,,,,,,,,,,,,,FALSE,FALSE,,,,,,
,,,,,,,,,,,,,,,,,,,,,,,,,,,,FALSE,FALSE,,,,,,
,,,,,,,,,,,,,,,,,,,,,,,,,,,,FALSE,FALSE,,,,,,
,,,,,,,,,,,,,,,,,,,,,,,,,,,,FALSE,FALSE,,,,,,
,,,,,,,,,,,,,,,,,,,,,,,,,,,,FALSE,FALSE,,,,,,
,,,,,,,,,,,,,,,,,,,,,,,,,,,,FALSE,FALSE,,,,,,
,,,,,,,,,,,,,,,,,,,,,,,,,,,,FALSE,FALSE,,,,,,
,,,,,,,,,,,,,,,,,,,,,,,,,,,,FALSE,FALSE,,,,,,
,,,,,,,,,,,,,,,,,,,,,,,,,,,,FALSE,FALSE,,,,,,
,,,,,,,,,,,,,,,,,,,,,,,,,,,,FALSE,FALSE,,,,,,
,,,,,,,,,,,,,,,,,,,,,,,,,,,,FALSE,FALSE,,,,,,
,,,,,,,,,,,,,,,,,,,,,,,,,,,,FALSE,FALSE,,,,,,
,,,,,,,,,,,,,,,,,,,,,,,,,,,,FALSE,FALSE,,,,,,
,,,,,,,,,,,,,,,,,,,,,,,,,,,,FALSE,FALSE,,,,,,
,,,,,,,,,,,,,,,,,,,,,,,,,,,,FALSE,FALSE,,,,,,
,,,,,,,,,,,,,,,,,,,,,,,,,,,,FALSE,FALSE,,,,,,
,,,,,,,,,,,,,,,,,,,,,,,,,,,,FALSE,FALSE,,,,,,
,,,,,,,,,,,,,,,,,,,,,,,,,,,,FALSE,FALSE,,,,,,
,,,,,,,,,,,,,,,,,,,,,,,,,,,,FALSE,FALSE,,,,,,
,,,,,,,,,,,,,,,,,,,,,,,,,,,,FALSE,FALSE,,,,,,
,,,,,,,,,,,,,,,,,,,,,,,,,,,,FALSE,FALSE,,,,,,
,,,,,,,,,,,,,,,,,,,,,,,,,,,,FALSE,FALSE,,,,,,
,,,,,,,,,,,,,,,,,,,,,,,,,,,,FALSE,FALSE,,,,,,
,,,,,,,,,,,,,,,,,,,,,,,,,,,,FALSE,FALSE,,,,,,
,,,,,,,,,,,,,,,,,,,,,,,,,,,,FALSE,FALSE,,,,,,
,,,,,,,,,,,,,,,,,,,,,,,,,,,,FALSE,FALSE,,,,,,
,,,,,,,,,,,,,,,,,,,,,,,,,,,,FALSE,FALSE,,,,,,
,,,,,,,,,,,,,,,,,,,,,,,,,,,,FALSE,FALSE,,,,,,
,,,,,,,,,,,,,,,,,,,,,,,,,,,,FALSE,FALSE,,,,,,
,,,,,,,,,,,,,,,,,,,,,,,,,,,,FALSE,FALSE,,,,,,
,,,,,,,,,,,,,,,,,,,,,,,,,,,,FALSE,FALSE,,,,,,
,,,,,,,,,,,,,,,,,,,,,,,,,,,,FALSE,FALSE,,,,,,
,,,,,,,,,,,,,,,,,,,,,,,,,,,,FALSE,FALSE,,,,,,
,,,,,,,,,,,,,,,,,,,,,,,,,,,,FALSE,FALSE,,,,,,
,,,,,,,,,,,,,,,,,,,,,,,,,,,,FALSE,FALSE,,,,,,
,,,,,,,,,,,,,,,,,,,,,,,,,,,,FALSE,FALSE,,,,,,
,,,,,,,,,,,,,,,,,,,,,,,,,,,,FALSE,FALSE,,,,,,
,,,,,,,,,,,,,,,,,,,,,,,,,,,,FALSE,FALSE,,,,,,
,,,,,,,,,,,,,,,,,,,,,,,,,,,,FALSE,FALSE,,,,,,
,,,,,,,,,,,,,,,,,,,,,,,,,,,,FALSE,FALSE,,,,,,
,,,,,,,,,,,,,,,,,,,,,,,,,,,,FALSE,FALSE,,,,,,
,,,,,,,,,,,,,,,,,,,,,,,,,,,,FALSE,FALSE,,,,,,
,,,,,,,,,,,,,,,,,,,,,,,,,,,,FALSE,FALSE,,,,,,
,,,,,,,,,,,,,,,,,,,,,,,,,,,,FALSE,FALSE,,,,,,
,,,,,,,,,,,,,,,,,,,,,,,,,,,,FALSE,FALSE,,,,,,
,,,,,,,,,,,,,,,,,,,,,,,,,,,,FALSE,FALSE,,,,,,
,,,,,,,,,,,,,,,,,,,,,,,,,,,,FALSE,FALSE,,,,,,
,,,,,,,,,,,,,,,,,,,,,,,,,,,,FALSE,FALSE,,,,,,
,,,,,,,,,,,,,,,,,,,,,,,,,,,,FALSE,FALSE,,,,,,
,,,,,,,,,,,,,,,,,,,,,,,,,,,,FALSE,FALSE,,,,,,
,,,,,,,,,,,,,,,,,,,,,,,,,,,,FALSE,FALSE,,,,,,
,,,,,,,,,,,,,,,,,,,,,,,,,,,,FALSE,FALSE,,,,,,
,,,,,,,,,,,,,,,,,,,,,,,,,,,,FALSE,FALSE,,,,,,
,,,,,,,,,,,,,,,,,,,,,,,,,,,,FALSE,FALSE,,,,,,
,,,,,,,,,,,,,,,,,,,,,,,,,,,,FALSE,FALSE,,,,,,
,,,,,,,,,,,,,,,,,,,,,,,,,,,,FALSE,FALSE,,,,,,
,,,,,,,,,,,,,,,,,,,,,,,,,,,,FALSE,FALSE,,,,,,
,,,,,,,,,,,,,,,,,,,,,,,,,,,,FALSE,FALSE,,,,,,
,,,,,,,,,,,,,,,,,,,,,,,,,,,,FALSE,FALSE,,,,,,
,,,,,,,,,,,,,,,,,,,,,,,,,,,,FALSE,FALSE,,,,,,
,,,,,,,,,,,,,,,,,,,,,,,,,,,,FALSE,FALSE,,,,,,
,,,,,,,,,,,,,,,,,,,,,,,,,,,,FALSE,FALSE,,,,,,
,,,,,,,,,,,,,,,,,,,,,,,,,,,,FALSE,FALSE,,,,,,
,,,,,,,,,,,,,,,,,,,,,,,,,,,,FALSE,FALSE,,,,,,
,,,,,,,,,,,,,,,,,,,,,,,,,,,,FALSE,FALSE,,,,,,
,,,,,,,,,,,,,,,,,,,,,,,,,,,,FALSE,FALSE,,,,,,
,,,,,,,,,,,,,,,,,,,,,,,,,,,,FALSE,FALSE,,,,,,
,,,,,,,,,,,,,,,,,,,,,,,,,,,,FALSE,FALSE,,,,,,
,,,,,,,,,,,,,,,,,,,,,,,,,,,,FALSE,FALSE,,,,,,
,,,,,,,,,,,,,,,,,,,,,,,,,,,,FALSE,FALSE,,,,,,
,,,,,,,,,,,,,,,,,,,,,,,,,,,,FALSE,FALSE,,,,,,
,,,,,,,,,,,,,,,,,,,,,,,,,,,,FALSE,FALSE,,,,,,
,,,,,,,,,,,,,,,,,,,,,,,,,,,,FALSE,FALSE,,,,,,
,,,,,,,,,,,,,,,,,,,,,,,,,,,,FALSE,FALSE,,,,,,
,,,,,,,,,,,,,,,,,,,,,,,,,,,,FALSE,FALSE,,,,,,
,,,,,,,,,,,,,,,,,,,,,,,,,,,,FALSE,FALSE,,,,,,
,,,,,,,,,,,,,,,,,,,,,,,,,,,,FALSE,FALSE,,,,,,
,,,,,,,,,,,,,,,,,,,,,,,,,,,,FALSE,FALSE,,,,,,
,,,,,,,,,,,,,,,,,,,,,,,,,,,,FALSE,FALSE,,,,,,
,,,,,,,,,,,,,,,,,,,,,,,,,,,,FALSE,FALSE,,,,,,
,,,,,,,,,,,,,,,,,,,,,,,,,,,,FALSE,FALSE,,,,,,
,,,,,,,,,,,,,,,,,,,,,,,,,,,,FALSE,FALSE,,,,,,
,,,,,,,,,,,,,,,,,,,,,,,,,,,,FALSE,FALSE,,,,,,
,,,,,,,,,,,,,,,,,,,,,,,,,,,,FALSE,FALSE,,,,,,
,,,,,,,,,,,,,,,,,,,,,,,,,,,,FALSE,FALSE,,,,,,
,,,,,,,,,,,,,,,,,,,,,,,,,,,,FALSE,FALSE,,,,,,
,,,,,,,,,,,,,,,,,,,,,,,,,,,,FALSE,FALSE,,,,,,
,,,,,,,,,,,,,,,,,,,,,,,,,,,,FALSE,FALSE,,,,,,
,,,,,,,,,,,,,,,,,,,,,,,,,,,,FALSE,FALSE,,,,,,
,,,,,,,,,,,,,,,,,,,,,,,,,,,,FALSE,FALSE,,,,,,
,,,,,,,,,,,,,,,,,,,,,,,,,,,,FALSE,FALSE,,,,,,
,,,,,,,,,,,,,,,,,,,,,,,,,,,,FALSE,FALSE,,,,,,
,,,,,,,,,,,,,,,,,,,,,,,,,,,,FALSE,FALSE,,,,,,
,,,,,,,,,,,,,,,,,,,,,,,,,,,,FALSE,FALSE,,,,,,
,,,,,,,,,,,,,,,,,,,,,,,,,,,,FALSE,FALSE,,,,,,
,,,,,,,,,,,,,,,,,,,,,,,,,,,,FALSE,FALSE,,,,,,
,,,,,,,,,,,,,,,,,,,,,,,,,,,,FALSE,FALSE,,,,,,
,,,,,,,,,,,,,,,,,,,,,,,,,,,,FALSE,FALSE,,,,,,
,,,,,,,,,,,,,,,,,,,,,,,,,,,,FALSE,FALSE,,,,,,
,,,,,,,,,,,,,,,,,,,,,,,,,,,,FALSE,FALSE,,,,,,
,,,,,,,,,,,,,,,,,,,,,,,,,,,,FALSE,FALSE,,,,,,
,,,,,,,,,,,,,,,,,,,,,,,,,,,,FALSE,FALSE,,,,,,
,,,,,,,,,,,,,,,,,,,,,,,,,,,,FALSE,FALSE,,,,,,
,,,,,,,,,,,,,,,,,,,,,,,,,,,,FALSE,FALSE,,,,,,
,,,,,,,,,,,,,,,,,,,,,,,,,,,,FALSE,FALSE,,,,,,
,,,,,,,,,,,,,,,,,,,,,,,,,,,,FALSE,FALSE,,,,,,
,,,,,,,,,,,,,,,,,,,,,,,,,,,,FALSE,FALSE,,,,,,
,,,,,,,,,,,,,,,,,,,,,,,,,,,,FALSE,FALSE,,,,,,
,,,,,,,,,,,,,,,,,,,,,,,,,,,,FALSE,FALSE,,,,,,
,,,,,,,,,,,,,,,,,,,,,,,,,,,,FALSE,FALSE,,,,,,
,,,,,,,,,,,,,,,,,,,,,,,,,,,,FALSE,FALSE,,,,,,
,,,,,,,,,,,,,,,,,,,,,,,,,,,,FALSE,FALSE,,,,,,
,,,,,,,,,,,,,,,,,,,,,,,,,,,,FALSE,FALSE,,,,,,
,,,,,,,,,,,,,,,,,,,,,,,,,,,,FALSE,FALSE,,,,,,
,,,,,,,,,,,,,,,,,,,,,,,,,,,,FALSE,FALSE,,,,,,
,,,,,,,,,,,,,,,,,,,,,,,,,,,,FALSE,FALSE,,,,,,
,,,,,,,,,,,,,,,,,,,,,,,,,,,,FALSE,FALSE,,,,,,
,,,,,,,,,,,,,,,,,,,,,,,,,,,,FALSE,FALSE,,,,,,
,,,,,,,,,,,,,,,,,,,,,,,,,,,,FALSE,FALSE,,,,,,
,,,,,,,,,,,,,,,,,,,,,,,,,,,,FALSE,FALSE,,,,,,
,,,,,,,,,,,,,,,,,,,,,,,,,,,,FALSE,FALSE,,,,,,
,,,,,,,,,,,,,,,,,,,,,,,,,,,,FALSE,FALSE,,,,,,
,,,,,,,,,,,,,,,,,,,,,,,,,,,,FALSE,FALSE,,,,,,
,,,,,,,,,,,,,,,,,,,,,,,,,,,,FALSE,FALSE,,,,,,
,,,,,,,,,,,,,,,,,,,,,,,,,,,,FALSE,FALSE,,,,,,
,,,,,,,,,,,,,,,,,,,,,,,,,,,,FALSE,FALSE,,,,,,
,,,,,,,,,,,,,,,,,,,,,,,,,,,,FALSE,FALSE,,,,,,
,,,,,,,,,,,,,,,,,,,,,,,,,,,,FALSE,FALSE,,,,,,
,,,,,,,,,,,,,,,,,,,,,,,,,,,,FALSE,FALSE,,,,,,
,,,,,,,,,,,,,,,,,,,,,,,,,,,,FALSE,FALSE,,,,,,
,,,,,,,,,,,,,,,,,,,,,,,,,,,,FALSE,FALSE,,,,,,
,,,,,,,,,,,,,,,,,,,,,,,,,,,,FALSE,FALSE,,,,,,
,,,,,,,,,,,,,,,,,,,,,,,,,,,,FALSE,FALSE,,,,,,
,,,,,,,,,,,,,,,,,,,,,,,,,,,,FALSE,FALSE,,,,,,
,,,,,,,,,,,,,,,,,,,,,,,,,,,,FALSE,FALSE,,,,,,
,,,,,,,,,,,,,,,,,,,,,,,,,,,,FALSE,FALSE,,,,,,
,,,,,,,,,,,,,,,,,,,,,,,,,,,,FALSE,FALSE,,,,,,
,,,,,,,,,,,,,,,,,,,,,,,,,,,,FALSE,FALSE,,,,,,
,,,,,,,,,,,,,,,,,,,,,,,,,,,,FALSE,FALSE,,,,,,
,,,,,,,,,,,,,,,,,,,,,,,,,,,,FALSE,FALSE,,,,,,
,,,,,,,,,,,,,,,,,,,,,,,,,,,,FALSE,FALSE,,,,,,
,,,,,,,,,,,,,,,,,,,,,,,,,,,,FALSE,FALSE,,,,,,
,,,,,,,,,,,,,,,,,,,,,,,,,,,,FALSE,FALSE,,,,,,
,,,,,,,,,,,,,,,,,,,,,,,,,,,,FALSE,FALSE,,,,,,
,,,,,,,,,,,,,,,,,,,,,,,,,,,,FALSE,FALSE,,,,,,
,,,,,,,,,,,,,,,,,,,,,,,,,,,,FALSE,FALSE,,,,,,
,,,,,,,,,,,,,,,,,,,,,,,,,,,,FALSE,FALSE,,,,,,
,,,,,,,,,,,,,,,,,,,,,,,,,,,,FALSE,FALSE,,,,,,
,,,,,,,,,,,,,,,,,,,,,,,,,,,,FALSE,FALSE,,,,,,
,,,,,,,,,,,,,,,,,,,,,,,,,,,,FALSE,FALSE,,,,,,
,,,,,,,,,,,,,,,,,,,,,,,,,,,,FALSE,FALSE,,,,,,
,,,,,,,,,,,,,,,,,,,,,,,,,,,,FALSE,FALSE,,,,,,
,,,,,,,,,,,,,,,,,,,,,,,,,,,,FALSE,FALSE,,,,,,
,,,,,,,,,,,,,,,,,,,,,,,,,,,,FALSE,FALSE,,,,,,
,,,,,,,,,,,,,,,,,,,,,,,,,,,,FALSE,FALSE,,,,,,
,,,,,,,,,,,,,,,,,,,,,,,,,,,,FALSE,FALSE,,,,,,
,,,,,,,,,,,,,,,,,,,,,,,,,,,,FALSE,FALSE,,,,,,
,,,,,,,,,,,,,,,,,,,,,,,,,,,,FALSE,FALSE,,,,,,
,,,,,,,,,,,,,,,,,,,,,,,,,,,,FALSE,FALSE,,,,,,
,,,,,,,,,,,,,,,,,,,,,,,,,,,,FALSE,FALSE,,,,,,
,,,,,,,,,,,,,,,,,,,,,,,,,,,,FALSE,FALSE,,,,,,
,,,,,,,,,,,,,,,,,,,,,,,,,,,,FALSE,FALSE,,,,,,
,,,,,,,,,,,,,,,,,,,,,,,,,,,,FALSE,FALSE,,,,,,
,,,,,,,,,,,,,,,,,,,,,,,,,,,,FALSE,FALSE,,,,,,
,,,,,,,,,,,,,,,,,,,,,,,,,,,,FALSE,FALSE,,,,,,
,,,,,,,,,,,,,,,,,,,,,,,,,,,,FALSE,FALSE,,,,,,
,,,,,,,,,,,,,,,,,,,,,,,,,,,,FALSE,FALSE,,,,,,
,,,,,,,,,,,,,,,,,,,,,,,,,,,,FALSE,FALSE,,,,,,
,,,,,,,,,,,,,,,,,,,,,,,,,,,,FALSE,FALSE,,,,,,
,,,,,,,,,,,,,,,,,,,,,,,,,,,,FALSE,FALSE,,,,,,
,,,,,,,,,,,,,,,,,,,,,,,,,,,,FALSE,FALSE,,,,,,
,,,,,,,,,,,,,,,,,,,,,,,,,,,,FALSE,FALSE,,,,,,
,,,,,,,,,,,,,,,,,,,,,,,,,,,,FALSE,FALSE,,,,,,
,,,,,,,,,,,,,,,,,,,,,,,,,,,,FALSE,FALSE,,,,,,
,,,,,,,,,,,,,,,,,,,,,,,,,,,,FALSE,FALSE,,,,,,
,,,,,,,,,,,,,,,,,,,,,,,,,,,,FALSE,FALSE,,,,,,
,,,,,,,,,,,,,,,,,,,,,,,,,,,,FALSE,FALSE,,,,,,
,,,,,,,,,,,,,,,,,,,,,,,,,,,,FALSE,FALSE,,,,,,
,,,,,,,,,,,,,,,,,,,,,,,,,,,,FALSE,FALSE,,,,,,
,,,,,,,,,,,,,,,,,,,,,,,,,,,,FALSE,FALSE,,,,,,
,,,,,,,,,,,,,,,,,,,,,,,,,,,,FALSE,FALSE,,,,,,
,,,,,,,,,,,,,,,,,,,,,,,,,,,,FALSE,FALSE,,,,,,
,,,,,,,,,,,,,,,,,,,,,,,,,,,,FALSE,FALSE,,,,,,
,,,,,,,,,,,,,,,,,,,,,,,,,,,,FALSE,FALSE,,,,,,
,,,,,,,,,,,,,,,,,,,,,,,,,,,,FALSE,FALSE,,,,,,
,,,,,,,,,,,,,,,,,,,,,,,,,,,,FALSE,FALSE,,,,,,
,,,,,,,,,,,,,,,,,,,,,,,,,,,,FALSE,FALSE,,,,,,
,,,,,,,,,,,,,,,,,,,,,,,,,,,,FALSE,FALSE,,,,,,
,,,,,,,,,,,,,,,,,,,,,,,,,,,,FALSE,FALSE,,,,,,
,,,,,,,,,,,,,,,,,,,,,,,,,,,,FALSE,FALSE,,,,,,
,,,,,,,,,,,,,,,,,,,,,,,,,,,,FALSE,FALSE,,,,,,
,,,,,,,,,,,,,,,,,,,,,,,,,,,,FALSE,FALSE,,,,,,
,,,,,,,,,,,,,,,,,,,,,,,,,,,,FALSE,FALSE,,,,,,
,,,,,,,,,,,,,,,,,,,,,,,,,,,,FALSE,FALSE,,,,,,
,,,,,,,,,,,,,,,,,,,,,,,,,,,,FALSE,FALSE,,,,,,
,,,,,,,,,,,,,,,,,,,,,,,,,,,,FALSE,FALSE,,,,,,
,,,,,,,,,,,,,,,,,,,,,,,,,,,,FALSE,FALSE,,,,,,
,,,,,,,,,,,,,,,,,,,,,,,,,,,,FALSE,FALSE,,,,,,
,,,,,,,,,,,,,,,,,,,,,,,,,,,,FALSE,FALSE,,,,,,
,,,,,,,,,,,,,,,,,,,,,,,,,,,,FALSE,FALSE,,,,,,
,,,,,,,,,,,,,,,,,,,,,,,,,,,,FALSE,FALSE,,,,,,
,,,,,,,,,,,,,,,,,,,,,,,,,,,,FALSE,FALSE,,,,,,
,,,,,,,,,,,,,,,,,,,,,,,,,,,,FALSE,FALSE,,,,,,
,,,,,,,,,,,,,,,,,,,,,,,,,,,,FALSE,FALSE,,,,,,
,,,,,,,,,,,,,,,,,,,,,,,,,,,,FALSE,FALSE,,,,,,
,,,,,,,,,,,,,,,,,,,,,,,,,,,,FALSE,FALSE,,,,,,
,,,,,,,,,,,,,,,,,,,,,,,,,,,,FALSE,FALSE,,,,,,
,,,,,,,,,,,,,,,,,,,,,,,,,,,,FALSE,FALSE,,,,,,
,,,,,,,,,,,,,,,,,,,,,,,,,,,,FALSE,FALSE,,,,,,
,,,,,,,,,,,,,,,,,,,,,,,,,,,,FALSE,FALSE,,,,,,
,,,,,,,,,,,,,,,,,,,,,,,,,,,,FALSE,FALSE,,,,,,
,,,,,,,,,,,,,,,,,,,,,,,,,,,,FALSE,FALSE,,,,,,
,,,,,,,,,,,,,,,,,,,,,,,,,,,,FALSE,FALSE,,,,,,
,,,,,,,,,,,,,,,,,,,,,,,,,,,,FALSE,FALSE,,,,,,
,,,,,,,,,,,,,,,,,,,,,,,,,,,,FALSE,FALSE,,,,,,
,,,,,,,,,,,,,,,,,,,,,,,,,,,,FALSE,FALSE,,,,,,
,,,,,,,,,,,,,,,,,,,,,,,,,,,,FALSE,FALSE,,,,,,
,,,,,,,,,,,,,,,,,,,,,,,,,,,,FALSE,FALSE,,,,,,
,,,,,,,,,,,,,,,,,,,,,,,,,,,,FALSE,FALSE,,,,,,
,,,,,,,,,,,,,,,,,,,,,,,,,,,,FALSE,FALSE,,,,,,
,,,,,,,,,,,,,,,,,,,,,,,,,,,,FALSE,FALSE,,,,,,
,,,,,,,,,,,,,,,,,,,,,,,,,,,,FALSE,FALSE,,,,,,
,,,,,,,,,,,,,,,,,,,,,,,,,,,,FALSE,FALSE,,,,,,
,,,,,,,,,,,,,,,,,,,,,,,,,,,,FALSE,FALSE,,,,,,
,,,,,,,,,,,,,,,,,,,,,,,,,,,,FALSE,FALSE,,,,,,
,,,,,,,,,,,,,,,,,,,,,,,,,,,,FALSE,FALSE,,,,,,
,,,,,,,,,,,,,,,,,,,,,,,,,,,,FALSE,FALSE,,,,,,
,,,,,,,,,,,,,,,,,,,,,,,,,,,,FALSE,FALSE,,,,,,
,,,,,,,,,,,,,,,,,,,,,,,,,,,,FALSE,FALSE,,,,,,
,,,,,,,,,,,,,,,,,,,,,,,,,,,,FALSE,FALSE,,,,,,
,,,,,,,,,,,,,,,,,,,,,,,,,,,,FALSE,FALSE,,,,,,
,,,,,,,,,,,,,,,,,,,,,,,,,,,,FALSE,FALSE,,,,,,
,,,,,,,,,,,,,,,,,,,,,,,,,,,,FALSE,FALSE,,,,,,
,,,,,,,,,,,,,,,,,,,,,,,,,,,,FALSE,FALSE,,,,,,
,,,,,,,,,,,,,,,,,,,,,,,,,,,,FALSE,FALSE,,,,,,
,,,,,,,,,,,,,,,,,,,,,,,,,,,,FALSE,FALSE,,,,,,
,,,,,,,,,,,,,,,,,,,,,,,,,,,,FALSE,FALSE,,,,,,
,,,,,,,,,,,,,,,,,,,,,,,,,,,,FALSE,FALSE,,,,,,
,,,,,,,,,,,,,,,,,,,,,,,,,,,,FALSE,FALSE,,,,,,
,,,,,,,,,,,,,,,,,,,,,,,,,,,,FALSE,FALSE,,,,,,
,,,,,,,,,,,,,,,,,,,,,,,,,,,,FALSE,FALSE,,,,,,
,,,,,,,,,,,,,,,,,,,,,,,,,,,,FALSE,FALSE,,,,,,
,,,,,,,,,,,,,,,,,,,,,,,,,,,,FALSE,FALSE,,,,,,
,,,,,,,,,,,,,,,,,,,,,,,,,,,,FALSE,FALSE,,,,,,
,,,,,,,,,,,,,,,,,,,,,,,,,,,,FALSE,FALSE,,,,,,
,,,,,,,,,,,,,,,,,,,,,,,,,,,,FALSE,FALSE,,,,,,
,,,,,,,,,,,,,,,,,,,,,,,,,,,,FALSE,FALSE,,,,,,
,,,,,,,,,,,,,,,,,,,,,,,,,,,,FALSE,FALSE,,,,,,
,,,,,,,,,,,,,,,,,,,,,,,,,,,,FALSE,FALSE,,,,,,
,,,,,,,,,,,,,,,,,,,,,,,,,,,,FALSE,FALSE,,,,,,
,,,,,,,,,,,,,,,,,,,,,,,,,,,,FALSE,FALSE,,,,,,
,,,,,,,,,,,,,,,,,,,,,,,,,,,,FALSE,FALSE,,,,,,
,,,,,,,,,,,,,,,,,,,,,,,,,,,,FALSE,FALSE,,,,,,
,,,,,,,,,,,,,,,,,,,,,,,,,,,,FALSE,FALSE,,,,,,
,,,,,,,,,,,,,,,,,,,,,,,,,,,,FALSE,FALSE,,,,,,
,,,,,,,,,,,,,,,,,,,,,,,,,,,,FALSE,FALSE,,,,,,
,,,,,,,,,,,,,,,,,,,,,,,,,,,,FALSE,FALSE,,,,,,
,,,,,,,,,,,,,,,,,,,,,,,,,,,,FALSE,FALSE,,,,,,
,,,,,,,,,,,,,,,,,,,,,,,,,,,,FALSE,FALSE,,,,,,
,,,,,,,,,,,,,,,,,,,,,,,,,,,,FALSE,FALSE,,,,,,
,,,,,,,,,,,,,,,,,,,,,,,,,,,,FALSE,FALSE,,,,,,
,,,,,,,,,,,,,,,,,,,,,,,,,,,,FALSE,FALSE,,,,,,
,,,,,,,,,,,,,,,,,,,,,,,,,,,,FALSE,FALSE,,,,,,
,,,,,,,,,,,,,,,,,,,,,,,,,,,,FALSE,FALSE,,,,,,
,,,,,,,,,,,,,,,,,,,,,,,,,,,,FALSE,FALSE,,,,,,
,,,,,,,,,,,,,,,,,,,,,,,,,,,,FALSE,FALSE,,,,,,
,,,,,,,,,,,,,,,,,,,,,,,,,,,,FALSE,FALSE,,,,,,
,,,,,,,,,,,,,,,,,,,,,,,,,,,,FALSE,FALSE,,,,,,
,,,,,,,,,,,,,,,,,,,,,,,,,,,,FALSE,FALSE,,,,,,
,,,,,,,,,,,,,,,,,,,,,,,,,,,,FALSE,FALSE,,,,,,
,,,,,,,,,,,,,,,,,,,,,,,,,,,,FALSE,FALSE,,,,,,
,,,,,,,,,,,,,,,,,,,,,,,,,,,,FALSE,FALSE,,,,,,
,,,,,,,,,,,,,,,,,,,,,,,,,,,,FALSE,FALSE,,,,,,
,,,,,,,,,,,,,,,,,,,,,,,,,,,,FALSE,FALSE,,,,,,
,,,,,,,,,,,,,,,,,,,,,,,,,,,,FALSE,FALSE,,,,,,
,,,,,,,,,,,,,,,,,,,,,,,,,,,,FALSE,FALSE,,,,,,
,,,,,,,,,,,,,,,,,,,,,,,,,,,,FALSE,FALSE,,,,,,
,,,,,,,,,,,,,,,,,,,,,,,,,,,,FALSE,FALSE,,,,,,
,,,,,,,,,,,,,,,,,,,,,,,,,,,,FALSE,FALSE,,,,,,
,,,,,,,,,,,,,,,,,,,,,,,,,,,,FALSE,FALSE,,,,,,
,,,,,,,,,,,,,,,,,,,,,,,,,,,,FALSE,FALSE,,,,,,
,,,,,,,,,,,,,,,,,,,,,,,,,,,,FALSE,FALSE,,,,,,
,,,,,,,,,,,,,,,,,,,,,,,,,,,,FALSE,FALSE,,,,,,
,,,,,,,,,,,,,,,,,,,,,,,,,,,,FALSE,FALSE,,,,,,
,,,,,,,,,,,,,,,,,,,,,,,,,,,,FALSE,FALSE,,,,,,
,,,,,,,,,,,,,,,,,,,,,,,,,,,,FALSE,FALSE,,,,,,
,,,,,,,,,,,,,,,,,,,,,,,,,,,,FALSE,FALSE,,,,,,
,,,,,,,,,,,,,,,,,,,,,,,,,,,,FALSE,FALSE,,,,,,
,,,,,,,,,,,,,,,,,,,,,,,,,,,,FALSE,FALSE,,,,,,
,,,,,,,,,,,,,,,,,,,,,,,,,,,,FALSE,FALSE,,,,,,
,,,,,,,,,,,,,,,,,,,,,,,,,,,,FALSE,FALSE,,,,,,
,,,,,,,,,,,,,,,,,,,,,,,,,,,,FALSE,FALSE,,,,,,
,,,,,,,,,,,,,,,,,,,,,,,,,,,,FALSE,FALSE,,,,,,
,,,,,,,,,,,,,,,,,,,,,,,,,,,,FALSE,FALSE,,,,,,
,,,,,,,,,,,,,,,,,,,,,,,,,,,,FALSE,FALSE,,,,,,
,,,,,,,,,,,,,,,,,,,,,,,,,,,,FALSE,FALSE,,,,,,
,,,,,,,,,,,,,,,,,,,,,,,,,,,,FALSE,FALSE,,,,,,
,,,,,,,,,,,,,,,,,,,,,,,,,,,,FALSE,FALSE,,,,,,
,,,,,,,,,,,,,,,,,,,,,,,,,,,,FALSE,FALSE,,,,,,
,,,,,,,,,,,,,,,,,,,,,,,,,,,,FALSE,FALSE,,,,,,
,,,,,,,,,,,,,,,,,,,,,,,,,,,,FALSE,FALSE,,,,,,
,,,,,,,,,,,,,,,,,,,,,,,,,,,,FALSE,FALSE,,,,,,
,,,,,,,,,,,,,,,,,,,,,,,,,,,,FALSE,FALSE,,,,,,
,,,,,,,,,,,,,,,,,,,,,,,,,,,,FALSE,FALSE,,,,,,
,,,,,,,,,,,,,,,,,,,,,,,,,,,,FALSE,FALSE,,,,,,
,,,,,,,,,,,,,,,,,,,,,,,,,,,,FALSE,FALSE,,,,,,
,,,,,,,,,,,,,,,,,,,,,,,,,,,,FALSE,FALSE,,,,,,
,,,,,,,,,,,,,,,,,,,,,,,,,,,,FALSE,FALSE,,,,,,
,,,,,,,,,,,,,,,,,,,,,,,,,,,,FALSE,FALSE,,,,,,
,,,,,,,,,,,,,,,,,,,,,,,,,,,,FALSE,FALSE,,,,,,
,,,,,,,,,,,,,,,,,,,,,,,,,,,,FALSE,FALSE,,,,,,
,,,,,,,,,,,,,,,,,,,,,,,,,,,,FALSE,FALSE,,,,,,
,,,,,,,,,,,,,,,,,,,,,,,,,,,,FALSE,FALSE,,,,,,
,,,,,,,,,,,,,,,,,,,,,,,,,,,,FALSE,FALSE,,,,,,
,,,,,,,,,,,,,,,,,,,,,,,,,,,,FALSE,FALSE,,,,,,
,,,,,,,,,,,,,,,,,,,,,,,,,,,,FALSE,FALSE,,,,,,
,,,,,,,,,,,,,,,,,,,,,,,,,,,,FALSE,FALSE,,,,,,
,,,,,,,,,,,,,,,,,,,,,,,,,,,,FALSE,FALSE,,,,,,
,,,,,,,,,,,,,,,,,,,,,,,,,,,,FALSE,FALSE,,,,,,
,,,,,,,,,,,,,,,,,,,,,,,,,,,,FALSE,FALSE,,,,,,
,,,,,,,,,,,,,,,,,,,,,,,,,,,,FALSE,FALSE,,,,,,
,,,,,,,,,,,,,,,,,,,,,,,,,,,,FALSE,FALSE,,,,,,
,,,,,,,,,,,,,,,,,,,,,,,,,,,,FALSE,FALSE,,,,,,
,,,,,,,,,,,,,,,,,,,,,,,,,,,,FALSE,FALSE,,,,,,
,,,,,,,,,,,,,,,,,,,,,,,,,,,,FALSE,FALSE,,,,,,
,,,,,,,,,,,,,,,,,,,,,,,,,,,,FALSE,FALSE,,,,,,
,,,,,,,,,,,,,,,,,,,,,,,,,,,,FALSE,FALSE,,,,,,
,,,,,,,,,,,,,,,,,,,,,,,,,,,,FALSE,FALSE,,,,,,
,,,,,,,,,,,,,,,,,,,,,,,,,,,,FALSE,FALSE,,,,,,
,,,,,,,,,,,,,,,,,,,,,,,,,,,,FALSE,FALSE,,,,,,
,,,,,,,,,,,,,,,,,,,,,,,,,,,,FALSE,FALSE,,,,,,
,,,,,,,,,,,,,,,,,,,,,,,,,,,,FALSE,FALSE,,,,,,
,,,,,,,,,,,,,,,,,,,,,,,,,,,,FALSE,FALSE,,,,,,
,,,,,,,,,,,,,,,,,,,,,,,,,,,,FALSE,FALSE,,,,,,
,,,,,,,,,,,,,,,,,,,,,,,,,,,,FALSE,FALSE,,,,,,
,,,,,,,,,,,,,,,,,,,,,,,,,,,,FALSE,FALSE,,,,,,
,,,,,,,,,,,,,,,,,,,,,,,,,,,,FALSE,FALSE,,,,,,
,,,,,,,,,,,,,,,,,,,,,,,,,,,,FALSE,FALSE,,,,,,
,,,,,,,,,,,,,,,,,,,,,,,,,,,,FALSE,FALSE,,,,,,
,,,,,,,,,,,,,,,,,,,,,,,,,,,,FALSE,FALSE,,,,,,
,,,,,,,,,,,,,,,,,,,,,,,,,,,,FALSE,FALSE,,,,,,
,,,,,,,,,,,,,,,,,,,,,,,,,,,,FALSE,FALSE,,,,,,
,,,,,,,,,,,,,,,,,,,,,,,,,,,,FALSE,FALSE,,,,,,
,,,,,,,,,,,,,,,,,,,,,,,,,,,,FALSE,FALSE,,,,,,
,,,,,,,,,,,,,,,,,,,,,,,,,,,,FALSE,FALSE,,,,,,
,,,,,,,,,,,,,,,,,,,,,,,,,,,,FALSE,FALSE,,,,,,
,,,,,,,,,,,,,,,,,,,,,,,,,,,,FALSE,FALSE,,,,,,
,,,,,,,,,,,,,,,,,,,,,,,,,,,,FALSE,FALSE,,,,,,
,,,,,,,,,,,,,,,,,,,,,,,,,,,,FALSE,FALSE,,,,,,
,,,,,,,,,,,,,,,,,,,,,,,,,,,,FALSE,FALSE,,,,,,
,,,,,,,,,,,,,,,,,,,,,,,,,,,,FALSE,FALSE,,,,,,
,,,,,,,,,,,,,,,,,,,,,,,,,,,,FALSE,FALSE,,,,,,
,,,,,,,,,,,,,,,,,,,,,,,,,,,,FALSE,FALSE,,,,,,
,,,,,,,,,,,,,,,,,,,,,,,,,,,,FALSE,FALSE,,,,,,
,,,,,,,,,,,,,,,,,,,,,,,,,,,,FALSE,FALSE,,,,,,
,,,,,,,,,,,,,,,,,,,,,,,,,,,,FALSE,FALSE,,,,,,
,,,,,,,,,,,,,,,,,,,,,,,,,,,,FALSE,FALSE,,,,,,